paper_id,reference_paper_id
p221,p203
p309,p67
p359,p96
p299,p130
p152,p105
p135,p83
p301,p359
p76,p246
p436,p462
p174,p319
p105,p43
p164,p136
p397,p147
p79,p393
p367,p319
p3,p88
p1,p20
p249,p420
p29,p153
p227,p303
p328,p7
p117,p110
p294,p414
p2,p69
p294,p203
p285,p206
p274,p245
p104,p188
p144,p406
p459,p136
p194,p186
p102,p203
p198,p359
p270,p105
p126,p163
p252,p96
p165,p238
p460,p341
p169,p427
p316,p247
p330,p49
p300,p124
p176,p107
p452,p348
p169,p355
p462,p105
p36,p416
p387,p428
p466,p218
p136,p359
p137,p208
p16,p376
p58,p213
p196,p416
p215,p12
p89,p233
p7,p206
p67,p206
p132,p15
p100,p153
p36,p111
p406,p7
p436,p414
p385,p336
p240,p355
p240,p69
p367,p165
p205,p441
p194,p220
p422,p77
p167,p142
p342,p175
p160,p189
p230,p302
p49,p256
p80,p115
p106,p118
p436,p103
p119,p147
p135,p361
p232,p291
p313,p200
p421,p464
p333,p256
p317,p40
p442,p430
p19,p363
p299,p69
p370,p242
p321,p377
p200,p163
p424,p430
p456,p203
p309,p303
p110,p334
p225,p295
p333,p73
p213,p34
p300,p383
p151,p213
p113,p332
p291,p44
p45,p242
p414,p252
p300,p453
p397,p193
p162,p10
p370,p110
p209,p377
p190,p192
p209,p317
p75,p380
p401,p68
p218,p124
p207,p323
p351,p280
p430,p374
p122,p127
p399,p237
p306,p60
p296,p447
p113,p102
p270,p309
p112,p199
p163,p133
p464,p220
p457,p195
p195,p9
p301,p149
p394,p399
p420,p414
p219,p61
p414,p83
p440,p332
p231,p383
p189,p148
p340,p195
p269,p225
p219,p76
p462,p158
p377,p427
p224,p212
p286,p382
p166,p279
p234,p210
p449,p131
p273,p88
p168,p354
p76,p65
p109,p343
p356,p268
p415,p403
p127,p34
p365,p403
p55,p359
p15,p377
p228,p65
p154,p230
p29,p268
p59,p372
p142,p262
p173,p425
p75,p81
p436,p43
p238,p316
p397,p341
p220,p359
p60,p22
p20,p61
p318,p376
p80,p282
p180,p163
p1,p9
p305,p269
p46,p276
p358,p50
p373,p444
p322,p349
p381,p427
p71,p278
p221,p13
p5,p237
p320,p362
p419,p265
p239,p291
p382,p152
p73,p391
p120,p22
p98,p447
p446,p387
p195,p242
p257,p399
p213,p183
p195,p233
p285,p119
p460,p152
p1,p145
p129,p242
p348,p319
p331,p78
p306,p377
p170,p464
p125,p237
p452,p83
p213,p233
p179,p377
p32,p44
p161,p121
p295,p175
p93,p101
p388,p414
p333,p407
p64,p252
p99,p10
p85,p247
p41,p326
p106,p90
p143,p86
p73,p428
p438,p96
p378,p225
p197,p115
p16,p180
p262,p377
p191,p206
p68,p284
p204,p185
p24,p229
p390,p118
p250,p386
p217,p73
p38,p61
p143,p34
p239,p103
p457,p381
p189,p170
p213,p175
p129,p436
p11,p223
p136,p233
p83,p43
p148,p180
p414,p438
p102,p205
p416,p215
p181,p234
p175,p96
p300,p294
p297,p7
p32,p30
p126,p14
p150,p193
p246,p213
p37,p158
p139,p149
p212,p149
p189,p285
p451,p20
p205,p22
p231,p314
p325,p400
p212,p43
p129,p61
p66,p386
p389,p23
p447,p216
p194,p195
p466,p220
p410,p359
p406,p272
p94,p170
p430,p43
p381,p149
p228,p308
p292,p48
p65,p246
p380,p344
p5,p78
p262,p85
p43,p13
p331,p319
p283,p453
p30,p170
p296,p34
p310,p221
p375,p41
p47,p153
p349,p235
p154,p80
p435,p134
p207,p24
p368,p355
p317,p438
p443,p258
p451,p332
p269,p34
p270,p127
p258,p341
p411,p171
p309,p330
p92,p336
p245,p158
p318,p295
p76,p105
p399,p233
p318,p206
p79,p143
p45,p212
p48,p360
p339,p183
p121,p235
p12,p203
p67,p158
p120,p342
p39,p212
p296,p71
p132,p334
p100,p43
p151,p118
p303,p374
p272,p158
p385,p226
p287,p214
p217,p371
p304,p5
p21,p145
p169,p294
p313,p319
p197,p163
p289,p251
p310,p98
p161,p234
p97,p105
p316,p152
p384,p335
p60,p237
p282,p100
p337,p406
p274,p40
p402,p349
p389,p211
p409,p74
p279,p96
p367,p103
p289,p353
p177,p334
p218,p120
p397,p139
p225,p356
p69,p140
p62,p89
p114,p345
p266,p188
p131,p319
p352,p290
p53,p336
p264,p441
p35,p285
p384,p68
p150,p343
p173,p377
p54,p143
p210,p127
p303,p327
p297,p300
p409,p239
p361,p198
p3,p381
p51,p132
p393,p183
p447,p245
p333,p454
p310,p129
p202,p233
p190,p438
p453,p183
p295,p13
p60,p139
p79,p362
p322,p393
p50,p354
p364,p73
p46,p61
p19,p236
p79,p32
p243,p235
p234,p290
p358,p9
p325,p46
p372,p251
p30,p136
p189,p119
p293,p291
p208,p170
p242,p52
p431,p281
p430,p290
p183,p295
p343,p430
p398,p186
p351,p54
p285,p124
p340,p133
p387,p361
p194,p178
p105,p13
p136,p183
p118,p354
p316,p321
p210,p233
p450,p363
p129,p17
p321,p381
p231,p268
p426,p443
p196,p326
p140,p290
p462,p438
p369,p460
p312,p200
p355,p425
p179,p220
p138,p229
p297,p53
p110,p276
p381,p34
p426,p102
p460,p3
p310,p68
p199,p430
p291,p284
p58,p329
p217,p138
p279,p206
p207,p301
p28,p166
p74,p332
p209,p100
p360,p252
p173,p365
p45,p438
p423,p262
p361,p290
p424,p96
p331,p451
p218,p376
p457,p410
p98,p256
p111,p212
p446,p342
p353,p332
p206,p399
p361,p55
p297,p200
p236,p47
p464,p302
p394,p49
p425,p235
p8,p370
p243,p12
p112,p115
p18,p175
p176,p205
p460,p148
p24,p233
p368,p29
p333,p399
p275,p220
p249,p383
p39,p319
p352,p22
p89,p428
p11,p353
p356,p462
p337,p94
p304,p355
p116,p98
p159,p318
p339,p52
p433,p65
p184,p69
p261,p175
p246,p359
p117,p275
p21,p275
p1,p97
p197,p295
p92,p202
p102,p215
p183,p34
p86,p259
p298,p68
p343,p140
p41,p114
p447,p464
p78,p238
p233,p342
p272,p83
p100,p127
p327,p233
p241,p14
p127,p237
p462,p256
p126,p152
p170,p149
p88,p34
p314,p359
p423,p86
p208,p361
p97,p314
p202,p127
p184,p218
p275,p81
p116,p275
p353,p68
p94,p96
p164,p332
p108,p282
p198,p149
p362,p147
p118,p199
p309,p269
p184,p326
p296,p48
p256,p414
p176,p99
p135,p414
p350,p52
p22,p43
p236,p191
p364,p86
p67,p188
p313,p354
p79,p343
p239,p242
p276,p421
p321,p183
p34,p256
p402,p178
p197,p460
p93,p345
p451,p407
p33,p17
p26,p14
p243,p428
p211,p344
p274,p163
p5,p73
p303,p198
p353,p273
p51,p339
p279,p416
p338,p120
p232,p345
p128,p126
p32,p376
p380,p436
p152,p34
p431,p330
p99,p20
p198,p327
p441,p183
p337,p443
p54,p281
p400,p222
p365,p348
p94,p453
p430,p120
p383,p88
p154,p141
p278,p140
p373,p318
p153,p140
p64,p10
p173,p290
p8,p48
p82,p232
p160,p212
p214,p318
p294,p428
p179,p212
p391,p139
p75,p444
p256,p175
p393,p457
p207,p421
p80,p290
p3,p60
p85,p198
p105,p96
p277,p411
p64,p462
p200,p147
p262,p294
p341,p463
p133,p12
p31,p76
p52,p428
p90,p179
p44,p133
p195,p91
p128,p282
p446,p439
p132,p226
p52,p96
p190,p238
p311,p69
p332,p12
p293,p194
p10,p133
p295,p12
p106,p149
p221,p218
p299,p296
p434,p327
p33,p343
p76,p52
p119,p438
p244,p376
p261,p317
p235,p43
p389,p86
p344,p170
p300,p149
p219,p212
p138,p344
p319,p183
p305,p332
p444,p378
p8,p6
p90,p303
p398,p342
p184,p49
p262,p399
p1,p178
p140,p462
p159,p423
p67,p242
p193,p354
p400,p38
p34,p12
p90,p218
p214,p102
p319,p83
p41,p180
p54,p436
p72,p198
p344,p182
p221,p68
p411,p447
p232,p32
p334,p124
p83,p438
p67,p272
p362,p424
p285,p202
p370,p277
p147,p381
p298,p143
p347,p5
p297,p429
p150,p317
p209,p463
p10,p163
p215,p133
p363,p415
p318,p438
p205,p13
p17,p309
p48,p198
p440,p262
p457,p149
p55,p425
p440,p379
p31,p45
p36,p57
p315,p314
p127,p133
p15,p428
p313,p266
p65,p235
p179,p14
p52,p252
p317,p457
p146,p392
p122,p149
p17,p188
p119,p10
p201,p345
p329,p419
p370,p22
p70,p379
p293,p153
p413,p61
p452,p243
p236,p410
p44,p403
p91,p428
p40,p133
p155,p397
p260,p306
p293,p300
p348,p158
p377,p295
p101,p245
p384,p171
p6,p135
p251,p185
p57,p360
p166,p375
p351,p114
p76,p175
p439,p78
p78,p206
p236,p186
p143,p349
p465,p183
p291,p218
p54,p277
p165,p215
p245,p152
p412,p467
p54,p30
p207,p100
p366,p229
p252,p83
p359,p183
p407,p269
p445,p64
p32,p69
p20,p179
p6,p61
p184,p46
p90,p155
p116,p332
p305,p234
p157,p165
p294,p83
p377,p272
p110,p313
p25,p154
p166,p418
p83,p105
p219,p316
p424,p135
p163,p213
p210,p235
p377,p105
p149,p252
p400,p132
p422,p69
p220,p356
p38,p91
p342,p13
p49,p425
p125,p190
p361,p158
p309,p359
p38,p327
p133,p290
p117,p402
p253,p282
p93,p231
p22,p127
p82,p336
p361,p354
p292,p430
p238,p295
p97,p134
p160,p186
p354,p83
p19,p190
p160,p115
p165,p183
p202,p319
p398,p321
p383,p295
p17,p348
p338,p222
p157,p385
p297,p411
p46,p169
p106,p251
p409,p330
p74,p114
p327,p256
p420,p336
p225,p133
p37,p262
p281,p414
p246,p49
p113,p12
p67,p273
p297,p383
p281,p83
p325,p103
p197,p433
p326,p330
p180,p10
p340,p38
p427,p149
p459,p388
p247,p158
p326,p235
p182,p83
p212,p399
p342,p414
p412,p233
p393,p427
p299,p12
p72,p174
p95,p390
p86,p256
p372,p37
p381,p12
p47,p53
p305,p340
p92,p68
p86,p83
p85,p374
p287,p43
p107,p364
p372,p453
p322,p193
p24,p391
p267,p50
p66,p238
p223,p356
p179,p170
p135,p188
p466,p287
p181,p319
p154,p279
p405,p303
p311,p290
p410,p105
p51,p9
p33,p173
p270,p60
p384,p209
p434,p215
p324,p405
p400,p388
p433,p383
p295,p342
p96,p13
p34,p149
p423,p334
p9,p321
p278,p229
p241,p370
p143,p344
p298,p382
p125,p186
p383,p359
p200,p318
p420,p170
p362,p65
p35,p356
p232,p174
p318,p64
p100,p252
p6,p83
p368,p118
p337,p256
p210,p381
p131,p83
p6,p303
p54,p424
p130,p252
p81,p439
p104,p306
p280,p115
p314,p38
p397,p285
p443,p67
p316,p203
p44,p212
p35,p281
p334,p136
p253,p317
p333,p232
p289,p134
p39,p206
p275,p365
p430,p34
p328,p41
p408,p99
p36,p190
p218,p178
p330,p9
p117,p222
p306,p202
p280,p271
p322,p97
p396,p226
p160,p352
p177,p175
p333,p178
p373,p136
p18,p206
p440,p415
p309,p403
p52,p198
p374,p354
p1,p191
p165,p427
p371,p438
p360,p169
p295,p427
p22,p462
p384,p458
p115,p344
p254,p57
p366,p318
p140,p10
p276,p355
p321,p462
p291,p85
p23,p162
p198,p64
p265,p424
p169,p83
p397,p422
p405,p318
p267,p367
p63,p107
p467,p345
p229,p195
p102,p163
p316,p83
p31,p359
p422,p393
p437,p158
p201,p315
p314,p153
p379,p208
p61,p203
p218,p119
p305,p329
p330,p355
p406,p467
p354,p427
p42,p419
p75,p177
p54,p364
p428,p213
p33,p193
p272,p302
p431,p133
p458,p127
p154,p367
p224,p257
p100,p124
p455,p411
p377,p139
p55,p203
p448,p461
p397,p65
p396,p175
p90,p430
p296,p410
p387,p190
p180,p413
p250,p110
p204,p439
p100,p165
p45,p188
p93,p356
p103,p190
p240,p329
p206,p127
p241,p276
p412,p347
p407,p326
p435,p429
p199,p302
p390,p215
p138,p120
p467,p428
p251,p341
p111,p311
p198,p163
p447,p16
p333,p387
p59,p62
p138,p206
p421,p410
p405,p190
p208,p427
p379,p332
p410,p262
p216,p152
p333,p248
p90,p254
p255,p278
p178,p34
p321,p127
p170,p88
p210,p427
p122,p180
p338,p360
p69,p430
p33,p202
p336,p127
p93,p244
p95,p317
p353,p315
p33,p105
p264,p209
p443,p349
p170,p399
p162,p396
p137,p55
p237,p34
p364,p195
p171,p190
p426,p174
p36,p96
p290,p295
p82,p391
p301,p147
p46,p20
p351,p167
p269,p153
p3,p414
p403,p183
p190,p199
p275,p249
p343,p410
p17,p386
p164,p138
p117,p418
p111,p16
p75,p378
p254,p317
p453,p354
p101,p283
p346,p34
p362,p294
p32,p92
p302,p414
p134,p170
p284,p342
p73,p272
p75,p89
p40,p4
p420,p105
p180,p73
p368,p22
p421,p169
p210,p188
p422,p30
p146,p436
p176,p171
p235,p252
p391,p438
p249,p269
p39,p259
p55,p302
p464,p139
p74,p214
p250,p38
p171,p229
p282,p14
p21,p353
p46,p24
p271,p457
p122,p462
p161,p333
p230,p403
p49,p210
p258,p461
p242,p12
p388,p339
p148,p318
p130,p340
p156,p211
p107,p174
p56,p96
p116,p427
p126,p399
p152,p374
p406,p73
p242,p140
p97,p367
p210,p202
p302,p438
p466,p71
p123,p461
p444,p118
p262,p376
p73,p327
p76,p332
p317,p381
p406,p445
p147,p233
p153,p175
p290,p354
p139,p133
p309,p256
p8,p268
p444,p189
p450,p142
p123,p20
p26,p374
p334,p152
p227,p195
p274,p91
p85,p237
p234,p457
p306,p213
p215,p96
p395,p163
p351,p113
p227,p10
p231,p405
p444,p16
p86,p414
p324,p43
p217,p118
p434,p353
p415,p50
p369,p404
p125,p215
p335,p153
p256,p12
p330,p178
p175,p203
p373,p200
p11,p132
p297,p396
p27,p273
p338,p47
p388,p148
p402,p114
p414,p12
p256,p268
p411,p214
p109,p273
p324,p343
p412,p326
p268,p13
p448,p7
p72,p249
p428,p342
p11,p297
p382,p220
p183,p268
p16,p175
p174,p246
p320,p182
p184,p132
p366,p430
p64,p133
p155,p348
p164,p15
p467,p148
p159,p128
p34,p203
p45,p425
p19,p467
p26,p77
p355,p438
p263,p433
p47,p444
p176,p357
p58,p439
p89,p242
p181,p292
p72,p248
p280,p116
p235,p133
p22,p55
p323,p125
p153,p12
p305,p9
p212,p356
p305,p13
p190,p259
p205,p374
p301,p78
p377,p414
p429,p303
p166,p298
p71,p190
p11,p18
p437,p361
p428,p377
p245,p377
p160,p266
p249,p200
p341,p210
p385,p96
p352,p379
p81,p235
p249,p453
p260,p103
p54,p79
p302,p13
p68,p165
p241,p207
p49,p133
p64,p295
p411,p346
p418,p52
p451,p18
p331,p30
p92,p205
p46,p314
p173,p138
p313,p185
p141,p390
p178,p233
p167,p95
p443,p320
p108,p139
p372,p270
p284,p135
p2,p263
p374,p96
p407,p381
p220,p438
p194,p214
p23,p133
p420,p290
p467,p420
p28,p169
p258,p387
p142,p100
p463,p266
p200,p381
p229,p52
p68,p215
p337,p185
p248,p192
p192,p266
p417,p348
p450,p214
p407,p77
p264,p214
p456,p329
p408,p17
p72,p265
p20,p401
p323,p183
p363,p398
p119,p22
p337,p451
p422,p158
p24,p385
p433,p242
p418,p24
p207,p306
p151,p134
p158,p256
p388,p209
p285,p385
p392,p238
p295,p256
p68,p210
p23,p47
p373,p385
p465,p321
p318,p266
p441,p438
p171,p88
p278,p386
p383,p428
p378,p377
p413,p425
p230,p192
p149,p13
p175,p83
p363,p255
p402,p446
p282,p183
p98,p200
p336,p225
p59,p276
p79,p436
p267,p275
p116,p411
p66,p349
p233,p105
p395,p237
p464,p55
p221,p140
p442,p211
p26,p428
p207,p269
p263,p309
p366,p268
p47,p260
p175,p12
p308,p92
p361,p430
p196,p404
p113,p356
p53,p192
p209,p326
p115,p285
p407,p441
p259,p268
p451,p12
p179,p376
p293,p229
p308,p306
p434,p454
p114,p262
p159,p422
p211,p255
p14,p414
p56,p320
p144,p169
p440,p310
p65,p416
p20,p105
p394,p202
p214,p247
p80,p179
p344,p463
p395,p319
p106,p422
p439,p120
p229,p91
p61,p242
p348,p453
p168,p381
p136,p272
p346,p336
p337,p307
p137,p210
p454,p125
p386,p429
p94,p399
p88,p356
p19,p116
p59,p207
p25,p99
p198,p294
p54,p430
p125,p67
p235,p247
p331,p308
p90,p198
p113,p437
p107,p141
p214,p86
p251,p218
p66,p189
p303,p12
p181,p343
p81,p278
p224,p194
p338,p322
p215,p290
p117,p346
p443,p360
p115,p165
p418,p124
p264,p329
p260,p119
p421,p182
p10,p342
p197,p311
p381,p290
p466,p366
p102,p242
p446,p382
p361,p202
p279,p436
p340,p136
p352,p235
p128,p446
p172,p134
p122,p46
p115,p453
p410,p14
p2,p72
p51,p392
p67,p136
p190,p354
p153,p245
p287,p143
p160,p277
p177,p4
p235,p96
p397,p38
p436,p301
p295,p354
p59,p283
p375,p455
p365,p210
p220,p139
p455,p360
p106,p183
p78,p413
p193,p199
p35,p142
p442,p196
p306,p285
p280,p12
p296,p247
p211,p319
p306,p88
p198,p438
p151,p205
p218,p235
p124,p427
p348,p233
p62,p366
p420,p55
p249,p52
p166,p430
p202,p88
p336,p158
p200,p316
p402,p53
p356,p13
p142,p67
p22,p428
p87,p189
p308,p256
p60,p381
p183,p96
p429,p67
p154,p335
p201,p82
p347,p83
p272,p152
p17,p170
p268,p252
p273,p105
p387,p86
p247,p252
p210,p416
p403,p302
p435,p360
p296,p383
p304,p64
p333,p100
p159,p151
p331,p208
p451,p213
p376,p416
p295,p203
p30,p229
p437,p109
p213,p342
p110,p145
p411,p220
p163,p203
p15,p67
p236,p145
p29,p16
p460,p133
p455,p175
p187,p215
p173,p127
p104,p81
p112,p374
p32,p189
p391,p290
p214,p259
p306,p332
p343,p464
p162,p68
p332,p179
p125,p319
p332,p149
p128,p433
p219,p252
p87,p301
p50,p49
p46,p453
p201,p377
p232,p306
p332,p77
p210,p220
p51,p341
p15,p345
p433,p247
p259,p410
p260,p385
p200,p438
p80,p309
p157,p294
p193,p22
p232,p199
p16,p433
p200,p49
p156,p341
p268,p414
p213,p105
p247,p414
p225,p203
p112,p340
p36,p194
p400,p152
p110,p74
p242,p235
p50,p102
p243,p195
p314,p114
p31,p366
p75,p214
p362,p220
p375,p221
p178,p428
p329,p281
p158,p342
p91,p152
p114,p416
p266,p210
p101,p378
p1,p258
p400,p419
p353,p336
p145,p285
p207,p61
p410,p225
p335,p395
p225,p342
p390,p438
p369,p227
p146,p7
p223,p74
p166,p245
p140,p9
p228,p186
p396,p387
p407,p429
p147,p273
p282,p139
p122,p43
p155,p345
p376,p290
p306,p395
p48,p86
p447,p235
p236,p445
p396,p30
p203,p96
p377,p43
p388,p147
p136,p294
p195,p376
p320,p410
p348,p136
p376,p105
p170,p302
p275,p302
p271,p409
p106,p287
p344,p461
p275,p428
p265,p318
p215,p149
p11,p191
p182,p383
p20,p252
p325,p158
p52,p215
p1,p18
p280,p26
p349,p149
p91,p22
p89,p139
p332,p73
p337,p194
p246,p14
p225,p294
p49,p195
p134,p321
p456,p225
p373,p281
p83,p96
p87,p217
p117,p193
p29,p131
p113,p172
p42,p119
p95,p214
p111,p424
p165,p272
p201,p192
p145,p418
p264,p57
p193,p39
p108,p125
p387,p127
p386,p235
p38,p463
p264,p118
p346,p147
p245,p453
p373,p421
p26,p285
p344,p68
p347,p242
p27,p362
p231,p209
p426,p40
p158,p12
p10,p13
p158,p252
p239,p259
p260,p149
p195,p202
p239,p465
p412,p414
p126,p190
p118,p252
p376,p453
p436,p403
p142,p269
p175,p252
p338,p363
p1,p50
p465,p147
p216,p392
p419,p391
p425,p252
p156,p124
p233,p96
p193,p439
p72,p443
p357,p416
p205,p399
p79,p424
p358,p419
p151,p248
p408,p110
p99,p439
p95,p256
p453,p252
p97,p419
p2,p227
p396,p401
p370,p148
p186,p395
p141,p7
p122,p439
p211,p329
p303,p354
p285,p395
p353,p195
p126,p218
p366,p170
p416,p428
p354,p268
p119,p120
p66,p69
p211,p252
p366,p355
p380,p187
p420,p410
p342,p149
p18,p356
p5,p345
p439,p192
p182,p16
p342,p43
p24,p4
p128,p199
p66,p229
p455,p98
p212,p127
p32,p130
p200,p89
p384,p418
p396,p453
p74,p40
p422,p17
p352,p324
p216,p52
p157,p92
p380,p445
p106,p333
p124,p290
p3,p211
p420,p153
p4,p290
p383,p259
p106,p285
p193,p86
p159,p60
p132,p174
p66,p79
p296,p223
p215,p381
p19,p26
p411,p301
p274,p190
p397,p9
p390,p348
p172,p68
p441,p403
p44,p175
p458,p100
p185,p118
p425,p290
p220,p55
p396,p40
p178,p91
p393,p321
p18,p462
p424,p273
p235,p462
p437,p176
p219,p22
p153,p237
p3,p418
p7,p376
p14,p127
p192,p152
p445,p330
p166,p396
p26,p202
p229,p356
p263,p124
p358,p326
p328,p398
p337,p180
p128,p346
p193,p321
p179,p361
p131,p385
p20,p43
p199,p377
p355,p10
p385,p105
p418,p83
p128,p385
p189,p118
p137,p274
p32,p336
p467,p60
p370,p182
p293,p319
p68,p188
p52,p381
p125,p216
p434,p467
p141,p416
p29,p38
p245,p359
p463,p153
p236,p243
p457,p366
p84,p212
p424,p410
p409,p98
p18,p158
p14,p91
p356,p427
p198,p83
p254,p379
p147,p91
p131,p262
p405,p237
p164,p112
p444,p74
p174,p362
p395,p136
p442,p411
p342,p252
p5,p206
p284,p205
p417,p41
p100,p60
p186,p180
p345,p88
p298,p251
p164,p289
p390,p374
p127,p43
p332,p356
p464,p242
p9,p359
p234,p284
p66,p88
p270,p302
p408,p365
p370,p153
p173,p14
p130,p198
p398,p119
p347,p52
p310,p409
p374,p342
p314,p83
p400,p279
p332,p206
p294,p381
p319,p215
p409,p451
p190,p425
p167,p403
p203,p43
p3,p454
p113,p378
p267,p387
p80,p105
p52,p268
p421,p149
p110,p439
p230,p356
p54,p313
p249,p77
p423,p96
p37,p45
p77,p247
p5,p420
p216,p281
p144,p279
p381,p247
p180,p462
p281,p140
p73,p376
p406,p132
p401,p22
p411,p78
p417,p153
p364,p439
p386,p420
p249,p355
p120,p158
p243,p354
p248,p327
p191,p314
p222,p316
p399,p163
p130,p180
p157,p175
p310,p159
p21,p183
p15,p119
p53,p255
p403,p247
p70,p30
p415,p333
p339,p295
p307,p126
p437,p233
p147,p342
p462,p354
p385,p302
p361,p127
p57,p401
p404,p353
p405,p30
p345,p376
p212,p359
p309,p268
p451,p61
p195,p22
p22,p247
p314,p40
p57,p410
p451,p205
p398,p200
p16,p55
p142,p419
p372,p421
p108,p143
p74,p83
p285,p200
p423,p249
p138,p395
p222,p242
p351,p421
p364,p309
p185,p200
p118,p259
p195,p427
p155,p321
p284,p153
p150,p439
p89,p88
p23,p34
p37,p429
p84,p419
p189,p302
p244,p107
p278,p349
p114,p198
p418,p269
p389,p136
p11,p205
p383,p202
p437,p401
p227,p374
p452,p444
p324,p210
p142,p361
p53,p334
p87,p294
p7,p401
p160,p261
p296,p159
p214,p356
p308,p319
p418,p103
p213,p203
p276,p88
p457,p105
p354,p12
p465,p429
p245,p55
p197,p23
p34,p43
p208,p178
p336,p318
p317,p367
p33,p356
p335,p174
p164,p66
p112,p64
p280,p269
p447,p83
p350,p391
p219,p169
p427,p175
p39,p120
p402,p290
p90,p178
p216,p225
p266,p215
p309,p55
p308,p199
p145,p86
p396,p306
p313,p15
p160,p383
p56,p311
p81,p14
p356,p175
p5,p218
p182,p68
p224,p208
p177,p127
p6,p194
p383,p213
p306,p439
p56,p112
p347,p318
p93,p24
p121,p130
p269,p203
p92,p49
p449,p235
p148,p70
p20,p428
p348,p290
p189,p214
p452,p173
p169,p127
p95,p68
p274,p221
p400,p438
p85,p215
p302,p381
p300,p86
p452,p101
p377,p13
p335,p126
p74,p143
p242,p374
p465,p195
p261,p378
p297,p365
p386,p83
p325,p312
p388,p78
p426,p376
p60,p133
p253,p398
p24,p213
p316,p428
p446,p463
p279,p245
p465,p316
p168,p5
p257,p306
p119,p294
p65,p220
p419,p387
p399,p414
p163,p233
p291,p374
p166,p91
p35,p301
p85,p438
p463,p22
p254,p407
p259,p61
p409,p46
p248,p193
p204,p116
p352,p109
p145,p300
p294,p252
p305,p433
p287,p108
p346,p227
p42,p212
p290,p252
p24,p152
p332,p163
p194,p439
p457,p134
p2,p27
p355,p272
p444,p67
p131,p268
p22,p183
p113,p383
p302,p34
p394,p445
p308,p346
p39,p345
p256,p43
p433,p238
p69,p433
p251,p457
p22,p215
p220,p321
p97,p190
p77,p73
p180,p127
p234,p393
p102,p245
p97,p268
p9,p152
p352,p62
p180,p199
p326,p105
p197,p4
p389,p255
p171,p118
p396,p183
p190,p135
p32,p193
p278,p365
p148,p315
p200,p12
p430,p225
p449,p150
p431,p293
p34,p438
p418,p419
p110,p335
p17,p169
p46,p200
p33,p319
p463,p238
p315,p330
p157,p330
p111,p178
p155,p73
p205,p39
p207,p226
p94,p10
p419,p178
p313,p265
p85,p427
p118,p427
p51,p186
p195,p152
p413,p133
p116,p102
p57,p316
p445,p86
p322,p24
p428,p272
p433,p349
p257,p412
p65,p210
p382,p24
p187,p179
p87,p467
p71,p15
p302,p96
p2,p255
p88,p327
p277,p30
p284,p195
p226,p233
p164,p205
p272,p34
p121,p309
p297,p173
p312,p335
p252,p43
p154,p393
p247,p149
p229,p43
p384,p373
p324,p383
p326,p65
p449,p218
p446,p170
p311,p388
p363,p423
p445,p327
p49,p55
p334,p453
p149,p203
p201,p394
p133,p149
p2,p428
p378,p165
p375,p362
p55,p252
p449,p149
p384,p298
p7,p208
p372,p376
p391,p233
p6,p103
p277,p343
p300,p20
p121,p464
p260,p315
p82,p62
p365,p213
p304,p10
p397,p16
p405,p192
p370,p150
p131,p91
p464,p13
p416,p127
p345,p198
p111,p148
p205,p272
p218,p318
p177,p34
p381,p438
p17,p40
p200,p195
p200,p92
p68,p318
p243,p133
p406,p219
p24,p342
p62,p404
p437,p135
p116,p159
p92,p383
p411,p448
p73,p245
p25,p80
p418,p205
p413,p377
p368,p382
p212,p428
p108,p262
p69,p390
p30,p24
p87,p121
p357,p383
p389,p64
p366,p200
p399,p133
p83,p13
p316,p12
p445,p152
p41,p436
p444,p200
p118,p190
p376,p203
p442,p343
p275,p306
p214,p457
p230,p357
p278,p387
p383,p321
p47,p266
p49,p273
p168,p465
p440,p405
p30,p326
p405,p301
p108,p399
p397,p152
p311,p137
p271,p354
p102,p180
p112,p180
p383,p266
p259,p395
p432,p198
p284,p49
p134,p262
p128,p438
p157,p105
p240,p381
p407,p52
p425,p158
p415,p209
p435,p189
p309,p218
p198,p158
p347,p462
p142,p356
p428,p105
p460,p121
p189,p436
p247,p13
p128,p237
p326,p362
p433,p399
p440,p157
p322,p37
p328,p37
p132,p16
p192,p391
p32,p433
p140,p43
p344,p345
p5,p302
p196,p173
p270,p387
p376,p4
p343,p38
p25,p331
p67,p85
p19,p303
p378,p77
p54,p133
p181,p236
p8,p98
p373,p423
p251,p226
p53,p58
p194,p135
p386,p10
p183,p462
p308,p38
p372,p207
p275,p393
p46,p463
p259,p135
p440,p360
p334,p192
p61,p290
p66,p143
p6,p420
p59,p75
p382,p355
p234,p199
p309,p188
p288,p163
p262,p220
p333,p14
p111,p182
p257,p52
p74,p393
p82,p66
p122,p357
p72,p431
p292,p223
p66,p27
p18,p247
p100,p226
p354,p13
p364,p48
p324,p88
p57,p394
p415,p433
p114,p284
p219,p38
p25,p329
p258,p114
p257,p44
p275,p134
p87,p261
p152,p203
p358,p339
p180,p202
p358,p16
p313,p210
p127,p381
p96,p43
p325,p375
p12,p96
p386,p124
p345,p453
p466,p330
p171,p77
p18,p418
p61,p140
p440,p47
p116,p311
p4,p163
p251,p242
p233,p12
p41,p447
p101,p374
p342,p105
p181,p119
p305,p18
p397,p233
p317,p153
p419,p414
p290,p438
p46,p360
p210,p430
p40,p269
p257,p117
p159,p242
p44,p314
p144,p216
p211,p438
p21,p230
p206,p377
p324,p18
p133,p414
p117,p365
p15,p430
p274,p353
p427,p158
p290,p158
p2,p256
p310,p379
p183,p105
p228,p213
p38,p302
p9,p453
p151,p178
p261,p85
p106,p203
p368,p216
p249,p381
p411,p340
p392,p136
p329,p229
p201,p168
p314,p136
p302,p256
p268,p438
p390,p124
p350,p105
p98,p308
p238,p342
p429,p127
p52,p245
p388,p103
p453,p374
p93,p160
p50,p89
p110,p446
p60,p12
p464,p120
p400,p287
p210,p273
p260,p107
p240,p456
p103,p376
p375,p274
p71,p465
p93,p446
p26,p60
p418,p390
p307,p94
p261,p193
p29,p366
p444,p140
p230,p140
p234,p377
p453,p438
p88,p96
p225,p381
p52,p403
p423,p20
p462,p13
p71,p256
p67,p414
p466,p321
p447,p199
p395,p377
p232,p57
p250,p306
p161,p319
p57,p34
p291,p190
p225,p140
p159,p183
p394,p40
p161,p363
p252,p203
p436,p182
p359,p354
p396,p377
p248,p170
p225,p212
p67,p376
p108,p424
p450,p168
p92,p4
p11,p53
p38,p183
p9,p22
p435,p24
p436,p139
p25,p355
p304,p151
p174,p321
p334,p199
p184,p323
p252,p438
p119,p336
p408,p273
p251,p221
p154,p195
p416,p203
p184,p438
p109,p95
p77,p199
p132,p210
p281,p377
p388,p233
p107,p139
p205,p256
p104,p71
p133,p427
p131,p24
p255,p10
p361,p256
p429,p290
p21,p445
p223,p199
p16,p281
p84,p47
p70,p130
p46,p194
p97,p347
p239,p421
p136,p354
p173,p217
p125,p127
p436,p153
p39,p403
p150,p234
p305,p226
p299,p207
p128,p289
p102,p252
p139,p302
p376,p354
p311,p249
p319,p342
p243,p365
p89,p229
p371,p189
p336,p256
p290,p247
p39,p425
p261,p453
p71,p279
p338,p241
p389,p124
p312,p411
p60,p252
p374,p414
p330,p413
p428,p425
p64,p377
p432,p124
p198,p12
p16,p183
p134,p38
p5,p427
p447,p302
p380,p306
p198,p356
p50,p404
p436,p210
p19,p290
p229,p430
p259,p139
p434,p432
p343,p285
p408,p13
p67,p430
p1,p283
p374,p83
p301,p302
p145,p381
p241,p453
p277,p301
p455,p64
p28,p445
p119,p273
p81,p30
p1,p98
p264,p112
p299,p182
p218,p247
p397,p321
p101,p314
p109,p20
p87,p52
p35,p132
p148,p259
p160,p127
p126,p377
p109,p199
p33,p362
p130,p332
p169,p149
p312,p407
p118,p78
p75,p98
p270,p391
p339,p334
p461,p381
p392,p169
p275,p421
p75,p129
p93,p188
p46,p433
p464,p202
p45,p200
p215,p374
p390,p377
p41,p314
p14,p374
p104,p348
p309,p321
p154,p430
p343,p385
p87,p30
p54,p297
p358,p80
p181,p303
p408,p404
p256,p438
p327,p438
p431,p254
p407,p239
p446,p256
p372,p467
p199,p428
p435,p169
p326,p294
p324,p171
p99,p94
p135,p73
p466,p348
p164,p22
p457,p433
p409,p284
p223,p214
p331,p69
p143,p428
p103,p149
p132,p282
p218,p424
p361,p316
p183,p149
p396,p195
p89,p359
p325,p105
p110,p34
p443,p281
p351,p10
p262,p127
p51,p360
p437,p210
p89,p179
p112,p266
p424,p416
p403,p12
p218,p163
p274,p178
p390,p349
p449,p413
p141,p303
p281,p229
p465,p355
p268,p43
p423,p348
p388,p135
p358,p392
p62,p313
p25,p47
p430,p252
p263,p30
p217,p336
p278,p461
p356,p183
p14,p67
p73,p242
p66,p251
p107,p293
p242,p163
p166,p168
p91,p441
p61,p430
p121,p285
p212,p354
p114,p265
p375,p467
p4,p235
p369,p326
p117,p83
p221,p212
p373,p433
p191,p281
p248,p374
p69,p298
p49,p88
p324,p202
p127,p13
p466,p207
p326,p103
p280,p413
p363,p3
p383,p96
p447,p282
p450,p82
p141,p127
p193,p226
p249,p192
p232,p277
p294,p399
p169,p284
p430,p327
p279,p37
p376,p381
p369,p285
p424,p365
p454,p226
p432,p247
p333,p179
p206,p158
p302,p43
p246,p345
p414,p96
p445,p302
p388,p316
p256,p13
p314,p213
p283,p415
p382,p392
p394,p247
p394,p212
p359,p149
p357,p341
p278,p252
p294,p290
p406,p200
p112,p132
p387,p119
p64,p139
p40,p218
p292,p153
p434,p183
p26,p268
p260,p436
p399,p183
p451,p34
p61,p4
p63,p85
p314,p424
p270,p215
p208,p245
p291,p391
p67,p425
p320,p458
p305,p346
p320,p398
p366,p183
p333,p81
p267,p82
p320,p76
p264,p263
p149,p96
p442,p76
p307,p242
p35,p226
p166,p402
p58,p5
p383,p14
p467,p67
p279,p423
p160,p421
p465,p169
p415,p321
p198,p399
p225,p105
p274,p275
p36,p9
p317,p329
p385,p52
p259,p12
p370,p395
p377,p235
p148,p169
p231,p10
p379,p83
p143,p464
p223,p256
p276,p140
p332,p391
p278,p340
p270,p281
p35,p306
p73,p212
p102,p321
p165,p430
p307,p323
p202,p12
p270,p340
p56,p240
p290,p175
p320,p462
p143,p383
p380,p414
p394,p284
p248,p410
p110,p18
p152,p414
p382,p390
p459,p398
p451,p465
p70,p171
p223,p186
p466,p411
p74,p362
p379,p200
p393,p199
p158,p203
p398,p265
p35,p44
p309,p134
p226,p438
p455,p247
p250,p112
p50,p47
p437,p195
p18,p284
p45,p150
p91,p377
p456,p63
p198,p414
p406,p425
p253,p228
p54,p233
p167,p194
p241,p415
p216,p13
p354,p342
p126,p92
p195,p245
p415,p364
p434,p339
p400,p143
p447,p430
p289,p416
p47,p219
p456,p333
p452,p146
p250,p312
p61,p376
p370,p134
p171,p318
p185,p441
p361,p342
p149,p414
p132,p135
p97,p129
p119,p203
p455,p230
p392,p55
p70,p414
p108,p142
p276,p393
p22,p453
p405,p15
p384,p24
p228,p414
p254,p221
p217,p214
p150,p215
p280,p365
p289,p205
p367,p30
p48,p158
p407,p86
p412,p419
p334,p330
p34,p233
p218,p259
p89,p413
p142,p34
p172,p285
p351,p246
p392,p218
p245,p302
p64,p342
p50,p16
p372,p165
p418,p13
p32,p278
p436,p102
p453,p425
p298,p60
p241,p178
p244,p390
p363,p414
p95,p430
p275,p395
p152,p13
p386,p381
p460,p54
p184,p381
p59,p185
p362,p140
p334,p86
p131,p5
p448,p168
p232,p265
p184,p441
p465,p428
p332,p96
p157,p462
p325,p151
p87,p204
p455,p49
p214,p60
p193,p441
p52,p414
p297,p425
p92,p220
p194,p343
p36,p223
p449,p188
p102,p124
p81,p319
p361,p233
p62,p16
p211,p357
p436,p152
p68,p438
p175,p43
p73,p60
p112,p319
p194,p234
p135,p427
p403,p374
p371,p421
p439,p376
p453,p247
p428,p374
p155,p465
p120,p175
p311,p289
p166,p9
p334,p133
p88,p247
p238,p96
p455,p385
p146,p373
p38,p73
p214,p362
p286,p10
p147,p52
p42,p401
p245,p13
p71,p407
p103,p212
p446,p178
p293,p374
p355,p226
p332,p242
p397,p457
p53,p186
p433,p188
p309,p165
p187,p272
p414,p203
p88,p252
p240,p186
p330,p354
p142,p149
p332,p428
p279,p394
p244,p397
p117,p208
p323,p215
p278,p127
p39,p268
p426,p393
p48,p430
p162,p192
p44,p208
p30,p390
p322,p409
p427,p414
p384,p403
p384,p30
p28,p423
p19,p112
p454,p379
p424,p153
p77,p4
p281,p10
p312,p131
p225,p83
p257,p244
p177,p61
p34,p247
p108,p407
p48,p342
p88,p139
p78,p295
p55,p377
p202,p342
p253,p202
p250,p456
p257,p367
p248,p385
p151,p58
p152,p237
p410,p64
p257,p415
p463,p73
p67,p91
p20,p183
p209,p14
p384,p439
p387,p64
p393,p103
p191,p153
p152,p295
p164,p270
p16,p374
p92,p149
p273,p356
p425,p256
p3,p346
p211,p168
p442,p44
p240,p239
p250,p309
p8,p180
p99,p4
p3,p399
p79,p354
p47,p38
p164,p277
p251,p342
p199,p225
p413,p10
p35,p4
p202,p272
p379,p221
p427,p43
p284,p64
p226,p342
p448,p67
p432,p344
p8,p309
p320,p420
p54,p421
p352,p26
p455,p48
p279,p319
p337,p358
p206,p295
p448,p394
p71,p331
p269,p237
p392,p416
p343,p314
p121,p332
p27,p17
p294,p183
p180,p213
p11,p339
p305,p50
p160,p124
p223,p302
p60,p149
p375,p182
p265,p356
p66,p274
p443,p366
p429,p348
p245,p295
p407,p100
p40,p139
p327,p105
p147,p441
p83,p203
p71,p172
p38,p272
p128,p189
p100,p205
p367,p457
p373,p404
p443,p409
p441,p462
p371,p100
p170,p12
p135,p127
p362,p354
p234,p64
p319,p290
p389,p144
p263,p147
p330,p336
p62,p330
p63,p330
p133,p381
p235,p342
p94,p225
p265,p303
p143,p208
p233,p354
p166,p454
p330,p268
p100,p429
p139,p290
p346,p134
p420,p91
p253,p138
p344,p34
p350,p189
p308,p215
p72,p394
p315,p430
p305,p294
p408,p269
p352,p237
p376,p210
p120,p354
p411,p433
p311,p218
p250,p259
p224,p371
p379,p198
p33,p458
p14,p273
p194,p354
p431,p285
p67,p13
p366,p67
p18,p86
p405,p14
p338,p323
p112,p359
p440,p103
p116,p380
p394,p127
p22,p359
p287,p447
p31,p18
p222,p453
p35,p295
p92,p355
p306,p290
p262,p105
p447,p24
p29,p92
p382,p272
p163,p414
p177,p226
p420,p319
p346,p439
p92,p252
p168,p43
p20,p361
p132,p55
p50,p346
p286,p370
p313,p65
p419,p218
p246,p10
p466,p270
p169,p43
p427,p247
p286,p376
p245,p203
p61,p359
p103,p12
p303,p220
p17,p215
p208,p140
p254,p242
p40,p354
p340,p52
p356,p233
p216,p356
p418,p382
p424,p4
p172,p128
p257,p186
p113,p362
p358,p330
p357,p410
p76,p294
p66,p151
p418,p114
p349,p175
p330,p410
p217,p393
p80,p342
p448,p102
p282,p251
p246,p215
p16,p391
p270,p341
p450,p124
p189,p345
p40,p246
p246,p377
p407,p73
p110,p137
p49,p316
p391,p12
p463,p85
p137,p268
p296,p132
p333,p357
p287,p232
p113,p149
p339,p212
p278,p22
p453,p233
p85,p327
p61,p183
p269,p175
p324,p178
p275,p266
p134,p428
p180,p86
p141,p359
p73,p374
p135,p295
p352,p228
p461,p202
p333,p247
p84,p396
p413,p462
p48,p391
p12,p43
p260,p80
p466,p141
p136,p55
p6,p185
p334,p74
p355,p215
p332,p349
p45,p94
p327,p183
p100,p14
p150,p169
p423,p194
p333,p329
p25,p388
p328,p132
p87,p466
p323,p52
p449,p208
p199,p163
p57,p30
p251,p206
p53,p316
p226,p225
p402,p89
p22,p213
p418,p175
p18,p438
p327,p175
p310,p410
p20,p92
p386,p295
p200,p252
p380,p34
p288,p18
p174,p214
p407,p220
p445,p68
p443,p97
p67,p233
p90,p12
p36,p152
p406,p275
p260,p447
p228,p451
p287,p404
p242,p158
p324,p365
p302,p203
p123,p412
p319,p327
p329,p251
p338,p3
p152,p342
p365,p252
p200,p365
p130,p356
p302,p295
p400,p422
p161,p9
p299,p175
p415,p431
p464,p195
p426,p38
p212,p425
p217,p321
p92,p374
p128,p248
p30,p210
p217,p16
p453,p427
p323,p78
p450,p213
p350,p320
p437,p91
p23,p436
p37,p39
p466,p260
p184,p234
p171,p259
p448,p453
p297,p188
p340,p416
p341,p88
p165,p395
p200,p96
p324,p256
p221,p77
p357,p89
p441,p252
p440,p339
p201,p276
p365,p198
p355,p319
p331,p259
p148,p266
p24,p88
p196,p81
p152,p175
p196,p298
p73,p43
p201,p290
p443,p355
p143,p152
p89,p349
p150,p61
p59,p63
p195,p12
p90,p188
p364,p39
p379,p88
p393,p416
p160,p300
p251,p68
p20,p14
p288,p278
p457,p127
p444,p147
p224,p311
p404,p274
p215,p247
p296,p92
p464,p268
p98,p424
p258,p125
p80,p9
p382,p68
p315,p235
p434,p167
p47,p464
p391,p399
p308,p94
p122,p378
p279,p163
p295,p149
p66,p407
p363,p236
p11,p100
p347,p147
p334,p189
p93,p140
p399,p321
p226,p294
p170,p238
p97,p69
p70,p309
p258,p376
p249,p345
p9,p356
p305,p320
p94,p52
p431,p430
p453,p158
p18,p214
p143,p135
p336,p22
p321,p175
p340,p225
p316,p374
p191,p289
p289,p433
p304,p227
p437,p327
p286,p398
p461,p391
p439,p34
p124,p134
p439,p465
p93,p113
p360,p105
p76,p438
p442,p363
p348,p13
p169,p192
p104,p455
p431,p323
p113,p353
p251,p5
p295,p105
p352,p420
p107,p463
p177,p18
p182,p381
p8,p225
p98,p410
p44,p22
p406,p278
p165,p9
p290,p83
p460,p9
p1,p189
p89,p43
p293,p141
p365,p14
p276,p216
p360,p188
p110,p69
p199,p153
p187,p97
p25,p446
p466,p257
p351,p241
p220,p374
p167,p222
p69,p377
p299,p91
p447,p401
p182,p249
p142,p385
p429,p220
p202,p133
p304,p163
p292,p220
p329,p391
p91,p12
p409,p92
p355,p246
p411,p266
p69,p403
p241,p188
p14,p175
p238,p428
p253,p399
p338,p318
p296,p274
p124,p302
p38,p14
p205,p391
p249,p92
p37,p461
p201,p175
p2,p31
p278,p377
p163,p55
p318,p403
p153,p354
p421,p7
p292,p377
p328,p278
p383,p354
p326,p439
p270,p237
p301,p393
p467,p208
p104,p144
p172,p396
p416,p414
p30,p245
p92,p441
p455,p165
p238,p140
p185,p193
p440,p353
p364,p429
p445,p212
p118,p38
p439,p385
p364,p462
p433,p265
p79,p330
p165,p43
p59,p2
p369,p117
p420,p124
p143,p319
p292,p119
p286,p235
p233,p175
p92,p212
p106,p205
p194,p76
p444,p135
p383,p134
p230,p386
p208,p182
p365,p416
p217,p150
p14,p235
p49,p427
p211,p73
p438,p105
p385,p212
p332,p22
p408,p32
p159,p446
p4,p377
p10,p290
p131,p346
p64,p438
p193,p205
p106,p147
p280,p253
p254,p355
p339,p239
p176,p45
p260,p439
p331,p175
p176,p379
p113,p85
p21,p64
p2,p221
p48,p193
p188,p127
p186,p215
p467,p183
p222,p163
p390,p188
p466,p105
p360,p170
p168,p60
p223,p148
p367,p55
p332,p135
p192,p55
p186,p140
p131,p341
p76,p124
p147,p354
p416,p55
p207,p290
p254,p245
p233,p414
p292,p141
p441,p212
p281,p163
p198,p139
p352,p391
p340,p64
p358,p438
p353,p165
p412,p61
p300,p233
p59,p322
p219,p213
p354,p247
p170,p199
p461,p225
p450,p110
p40,p64
p109,p187
p338,p256
p243,p88
p194,p100
p377,p342
p217,p81
p117,p133
p17,p77
p448,p251
p279,p135
p68,p290
p460,p124
p420,p235
p321,p438
p65,p429
p157,p60
p308,p249
p9,p428
p287,p414
p178,p403
p56,p218
p198,p354
p276,p16
p262,p395
p403,p175
p159,p405
p104,p336
p129,p319
p127,p256
p458,p58
p45,p433
p267,p394
p79,p448
p358,p427
p56,p249
p201,p27
p215,p302
p49,p61
p352,p238
p206,p22
p128,p360
p236,p372
p333,p356
p215,p272
p253,p425
p269,p183
p189,p67
p236,p83
p232,p76
p387,p100
p359,p235
p215,p158
p28,p257
p38,p152
p184,p327
p402,p16
p2,p396
p117,p99
p426,p208
p421,p356
p40,p410
p276,p61
p335,p290
p287,p7
p306,p262
p17,p360
p177,p455
p399,p43
p451,p16
p34,p158
p194,p34
p242,p327
p352,p437
p374,p12
p397,p183
p239,p141
p116,p379
p405,p153
p72,p219
p365,p195
p115,p441
p199,p316
p322,p350
p282,p91
p71,p416
p359,p272
p278,p457
p304,p41
p1,p270
p199,p149
p390,p359
p393,p262
p84,p458
p157,p291
p203,p105
p254,p83
p63,p247
p52,p302
p421,p385
p419,p183
p385,p416
p300,p393
p7,p356
p109,p44
p402,p5
p176,p407
p46,p215
p66,p312
p452,p226
p256,p203
p98,p67
p9,p438
p254,p247
p200,p336
p155,p289
p9,p381
p339,p398
p347,p295
p465,p135
p320,p57
p230,p9
p110,p298
p368,p308
p172,p414
p430,p321
p57,p115
p286,p109
p258,p147
p187,p125
p19,p453
p122,p270
p250,p145
p373,p275
p266,p319
p363,p205
p62,p281
p391,p252
p154,p100
p181,p290
p115,p332
p163,p302
p201,p292
p53,p183
p152,p233
p306,p463
p457,p14
p38,p220
p85,p140
p359,p247
p457,p356
p200,p237
p281,p77
p26,p169
p283,p68
p319,p453
p41,p260
p236,p370
p243,p52
p240,p135
p269,p39
p206,p153
p214,p295
p193,p462
p245,p83
p360,p341
p366,p13
p129,p262
p200,p399
p157,p233
p131,p16
p317,p345
p354,p203
p309,p190
p148,p251
p336,p183
p391,p215
p193,p429
p195,p316
p459,p21
p74,p359
p277,p334
p127,p290
p273,p149
p397,p175
p152,p427
p121,p323
p283,p451
p35,p200
p402,p245
p246,p127
p362,p414
p362,p83
p421,p186
p113,p439
p125,p200
p154,p173
p395,p210
p73,p213
p137,p96
p108,p147
p369,p419
p212,p237
p119,p60
p269,p294
p393,p52
p160,p372
p57,p326
p169,p38
p288,p17
p221,p38
p450,p139
p340,p169
p39,p96
p402,p26
p77,p175
p400,p77
p133,p175
p63,p425
p377,p302
p312,p443
p222,p321
p227,p220
p326,p281
p392,p349
p333,p226
p200,p61
p144,p329
p452,p321
p303,p13
p374,p356
p115,p225
p267,p308
p300,p256
p331,p330
p465,p266
p285,p321
p373,p298
p303,p85
p15,p465
p220,p290
p363,p440
p214,p78
p231,p221
p32,p227
p236,p441
p211,p170
p384,p100
p123,p421
p27,p151
p273,p381
p262,p212
p300,p401
p409,p441
p214,p246
p384,p435
p227,p269
p106,p360
p309,p237
p251,p88
p91,p391
p282,p421
p154,p73
p55,p96
p435,p171
p333,p348
p253,p273
p351,p461
p11,p252
p311,p65
p170,p245
p226,p140
p391,p183
p330,p441
p51,p331
p375,p353
p291,p243
p361,p268
p163,p183
p75,p26
p404,p336
p58,p249
p38,p427
p11,p246
p191,p18
p124,p60
p233,p83
p4,p233
p373,p394
p138,p348
p428,p34
p450,p248
p151,p277
p390,p464
p55,p453
p76,p326
p6,p171
p449,p137
p170,p60
p95,p237
p417,p39
p24,p302
p345,p83
p155,p180
p448,p273
p209,p256
p267,p136
p173,p13
p93,p106
p59,p444
p113,p125
p201,p167
p257,p154
p436,p387
p3,p345
p464,p9
p201,p81
p125,p302
p297,p226
p391,p374
p154,p277
p451,p26
p61,p226
p311,p43
p28,p163
p435,p245
p317,p252
p11,p33
p116,p228
p29,p438
p126,p206
p206,p233
p149,p175
p216,p316
p49,p302
p1,p29
p167,p177
p221,p330
p252,p105
p248,p269
p238,p381
p57,p68
p303,p272
p264,p61
p139,p203
p310,p309
p422,p38
p445,p464
p380,p404
p171,p40
p404,p149
p199,p120
p195,p213
p177,p171
p459,p56
p310,p336
p313,p220
p164,p152
p47,p414
p366,p68
p231,p239
p217,p313
p70,p464
p336,p9
p57,p383
p369,p4
p74,p139
p462,p414
p448,p379
p461,p327
p376,p391
p80,p114
p189,p234
p11,p359
p367,p147
p255,p43
p333,p157
p233,p256
p359,p425
p221,p180
p384,p311
p321,p213
p311,p70
p292,p148
p250,p74
p180,p355
p240,p416
p449,p177
p296,p462
p322,p121
p167,p169
p35,p303
p76,p393
p271,p233
p339,p274
p140,p12
p118,p135
p366,p395
p374,p295
p342,p96
p255,p44
p94,p464
p186,p294
p229,p414
p311,p394
p103,p349
p443,p57
p467,p188
p197,p236
p111,p97
p57,p284
p328,p67
p24,p13
p89,p247
p439,p60
p364,p256
p95,p179
p454,p43
p391,p354
p444,p61
p348,p73
p315,p327
p417,p131
p305,p112
p281,p205
p78,p149
p84,p191
p406,p430
p18,p401
p436,p96
p332,p395
p446,p416
p345,p120
p449,p65
p328,p419
p388,p227
p174,p15
p239,p143
p358,p464
p164,p309
p401,p348
p314,p152
p75,p390
p464,p212
p123,p278
p88,p453
p8,p420
p204,p52
p417,p55
p383,p105
p210,p428
p242,p43
p132,p225
p277,p174
p278,p316
p80,p441
p415,p52
p467,p15
p412,p354
p81,p20
p170,p359
p161,p140
p54,p63
p66,p412
p162,p189
p182,p195
p372,p225
p398,p210
p303,p245
p455,p326
p39,p430
p285,p316
p223,p235
p378,p174
p47,p213
p177,p357
p79,p318
p75,p207
p154,p76
p117,p132
p419,p133
p116,p52
p453,p149
p173,p323
p374,p213
p257,p133
p314,p34
p280,p339
p407,p152
p413,p321
p373,p246
p176,p435
p455,p178
p276,p262
p90,p152
p455,p149
p427,p342
p378,p64
p370,p247
p44,p457
p203,p13
p176,p424
p287,p81
p136,p252
p69,p12
p140,p235
p290,p233
p97,p398
p146,p314
p207,p127
p76,p427
p89,p55
p307,p407
p312,p12
p132,p382
p130,p221
p216,p163
p433,p119
p166,p269
p138,p16
p206,p376
p179,p135
p81,p103
p53,p457
p139,p381
p161,p151
p87,p385
p159,p76
p418,p256
p405,p152
p82,p205
p138,p102
p404,p94
p312,p85
p221,p103
p74,p55
p278,p273
p21,p92
p231,p451
p99,p379
p234,p256
p115,p125
p84,p281
p63,p34
p271,p118
p5,p188
p333,p145
p168,p294
p16,p178
p421,p290
p77,p55
p418,p319
p264,p16
p169,p165
p239,p379
p459,p422
p37,p392
p156,p406
p60,p96
p350,p57
p71,p258
p267,p336
p278,p195
p98,p120
p364,p205
p281,p139
p144,p73
p328,p282
p218,p354
p389,p428
p38,p188
p419,p318
p404,p428
p21,p44
p77,p52
p210,p43
p363,p12
p448,p265
p48,p390
p118,p133
p40,p252
p115,p120
p156,p137
p209,p91
p21,p225
p221,p134
p50,p284
p254,p249
p352,p81
p17,p158
p325,p317
p413,p202
p140,p302
p395,p52
p337,p117
p281,p383
p112,p18
p401,p246
p28,p324
p337,p171
p405,p252
p72,p148
p382,p420
p259,p163
p261,p180
p87,p409
p33,p364
p440,p253
p388,p427
p404,p422
p239,p386
p202,p139
p194,p118
p435,p298
p413,p153
p366,p92
p236,p60
p410,p416
p106,p10
p259,p202
p265,p199
p331,p467
p393,p139
p289,p95
p242,p88
p309,p91
p235,p213
p333,p213
p281,p49
p405,p168
p274,p360
p218,p9
p380,p4
p284,p294
p255,p323
p279,p366
p123,p316
p432,p134
p63,p188
p432,p308
p208,p385
p122,p163
p37,p202
p307,p6
p206,p34
p264,p293
p101,p428
p239,p68
p128,p4
p352,p178
p28,p226
p269,p67
p132,p295
p22,p88
p136,p290
p162,p179
p222,p26
p302,p354
p189,p225
p466,p361
p369,p217
p241,p143
p417,p405
p260,p95
p344,p465
p294,p96
p327,p427
p351,p148
p447,p243
p62,p130
p353,p175
p223,p364
p417,p324
p401,p256
p413,p140
p371,p88
p7,p212
p121,p91
p88,p55
p276,p163
p28,p409
p81,p73
p243,p395
p330,p381
p240,p94
p345,p252
p289,p215
p111,p71
p138,p216
p72,p246
p107,p424
p68,p158
p241,p378
p188,p237
p52,p10
p87,p134
p336,p376
p392,p465
p74,p142
p353,p447
p385,p321
p46,p425
p305,p3
p116,p316
p118,p140
p346,p49
p372,p431
p193,p124
p12,p105
p343,p61
p381,p252
p140,p438
p463,p96
p249,p319
p121,p81
p248,p130
p192,p290
p27,p55
p406,p10
p3,p258
p106,p330
p465,p464
p335,p348
p2,p399
p225,p427
p456,p58
p33,p416
p461,p453
p66,p282
p91,p403
p322,p225
p408,p446
p326,p433
p62,p248
p4,p427
p109,p407
p359,p268
p62,p209
p137,p133
p431,p105
p38,p170
p78,p273
p378,p313
p50,p9
p400,p363
p142,p441
p406,p402
p284,p377
p417,p139
p315,p198
p269,p462
p177,p186
p200,p199
p438,p43
p406,p208
p249,p22
p382,p365
p366,p336
p151,p185
p142,p185
p284,p61
p447,p340
p398,p403
p3,p333
p192,p206
p350,p55
p149,p256
p377,p12
p261,p194
p41,p242
p126,p202
p271,p451
p433,p336
p61,p425
p148,p24
p47,p379
p103,p381
p196,p443
p434,p14
p8,p439
p214,p327
p225,p327
p176,p174
p201,p352
p402,p376
p354,p149
p173,p300
p49,p60
p36,p467
p34,p83
p272,p374
p369,p118
p265,p152
p249,p178
p12,p83
p202,p294
p21,p37
p316,p256
p345,p178
p135,p242
p241,p406
p350,p234
p73,p354
p286,p71
p391,p4
p73,p252
p257,p261
p242,p268
p289,p68
p400,p246
p366,p265
p246,p105
p143,p16
p62,p433
p124,p391
p217,p175
p436,p302
p188,p55
p171,p374
p27,p240
p340,p100
p366,p424
p184,p349
p327,p247
p272,p203
p30,p362
p336,p463
p283,p24
p346,p268
p177,p366
p114,p355
p346,p326
p244,p102
p373,p330
p324,p259
p364,p235
p308,p230
p307,p199
p42,p428
p287,p275
p345,p188
p63,p376
p2,p349
p51,p385
p248,p421
p456,p344
p363,p101
p133,p13
p161,p112
p466,p100
p71,p444
p200,p218
p403,p425
p465,p202
p14,p377
p241,p465
p293,p237
p446,p461
p401,p127
p10,p462
p113,p236
p322,p271
p312,p343
p120,p247
p110,p147
p418,p55
p456,p379
p460,p247
p257,p284
p50,p291
p387,p403
p268,p96
p63,p320
p180,p385
p127,p175
p351,p419
p62,p336
p432,p322
p104,p91
p160,p68
p354,p96
p4,p88
p293,p203
p302,p12
p336,p414
p69,p376
p7,p149
p429,p233
p406,p232
p461,p136
p30,p265
p431,p392
p120,p252
p41,p348
p210,p175
p459,p316
p39,p225
p271,p421
p32,p298
p178,p427
p67,p10
p253,p334
p87,p296
p289,p362
p422,p330
p251,p314
p73,p96
p196,p205
p429,p425
p76,p229
p419,p5
p317,p302
p278,p366
p218,p345
p346,p425
p409,p317
p459,p7
p125,p344
p242,p321
p227,p55
p32,p453
p72,p192
p116,p46
p176,p169
p56,p110
p365,p303
p131,p396
p139,p12
p75,p418
p412,p368
p346,p229
p414,p105
p288,p185
p380,p198
p16,p43
p167,p192
p268,p105
p178,p273
p373,p362
p111,p90
p53,p76
p67,p9
p330,p114
p394,p403
p340,p135
p135,p245
p331,p355
p411,p321
p24,p340
p113,p291
p400,p348
p141,p153
p278,p124
p240,p57
p119,p356
p377,p96
p217,p221
p93,p6
p337,p172
p408,p303
p299,p458
p258,p336
p14,p256
p257,p163
p371,p55
p168,p347
p397,p76
p158,p149
p465,p416
p273,p359
p293,p103
p11,p427
p12,p13
p422,p454
p409,p275
p328,p443
p395,p133
p106,p261
p183,p43
p349,p441
p195,p34
p214,p136
p4,p12
p361,p294
p40,p163
p180,p78
p49,p348
p29,p455
p211,p281
p283,p223
p464,p96
p175,p105
p277,p308
p162,p100
p315,p464
p258,p242
p22,p252
p409,p355
p94,p49
p293,p188
p63,p317
p274,p464
p279,p303
p228,p424
p235,p12
p241,p153
p450,p106
p366,p319
p328,p344
p63,p52
p309,p206
p312,p266
p184,p57
p454,p301
p227,p361
p385,p256
p54,p377
p9,p183
p287,p323
p231,p328
p23,p68
p401,p294
p74,p392
p6,p318
p58,p174
p234,p92
p463,p235
p175,p438
p326,p120
p9,p462
p150,p364
p303,p120
p185,p295
p378,p391
p344,p294
p31,p274
p17,p366
p315,p24
p383,p188
p75,p377
p46,p133
p362,p158
p273,p294
p115,p226
p145,p186
p310,p177
p54,p234
p427,p105
p426,p396
p459,p359
p371,p203
p159,p246
p116,p94
p394,p259
p265,p441
p329,p114
p233,p149
p339,p207
p359,p342
p229,p133
p47,p407
p399,p152
p341,p175
p14,p290
p270,p321
p322,p17
p206,p438
p400,p130
p166,p193
p409,p245
p336,p413
p91,p294
p118,p281
p10,p295
p89,p119
p430,p428
p327,p213
p179,p321
p394,p252
p69,p103
p232,p340
p389,p177
p350,p83
p282,p306
p305,p393
p378,p329
p121,p67
p443,p275
p360,p256
p386,p395
p30,p134
p179,p4
p95,p134
p59,p193
p148,p114
p266,p462
p29,p195
p165,p237
p339,p348
p366,p100
p8,p101
p85,p152
p341,p441
p400,p385
p394,p309
p181,p321
p1,p26
p278,p336
p326,p356
p363,p386
p181,p44
p412,p387
p279,p187
p106,p185
p447,p332
p73,p237
p466,p425
p181,p213
p189,p385
p391,p55
p120,p235
p384,p83
p214,p91
p34,p252
p455,p65
p289,p359
p129,p149
p115,p252
p182,p134
p338,p178
p438,p203
p1,p127
p126,p295
p86,p413
p110,p158
p466,p242
p304,p467
p304,p73
p404,p4
p219,p10
p336,p462
p393,p410
p317,p446
p231,p444
p411,p441
p70,p278
p395,p22
p181,p157
p126,p365
p185,p15
p253,p420
p359,p237
p124,p385
p295,p158
p459,p211
p211,p129
p23,p403
p363,p388
p123,p202
p144,p131
p345,p403
p327,p13
p378,p218
p184,p249
p408,p386
p148,p195
p61,p414
p164,p4
p323,p329
p15,p165
p337,p198
p27,p458
p442,p175
p229,p213
p331,p403
p86,p134
p194,p428
p347,p309
p276,p273
p254,p61
p142,p178
p359,p12
p379,p424
p411,p262
p311,p130
p367,p114
p174,p302
p383,p290
p443,p393
p285,p376
p37,p179
p54,p124
p107,p319
p347,p438
p94,p135
p209,p357
p4,p215
p300,p410
p430,p377
p208,p227
p183,p342
p425,p354
p348,p140
p160,p439
p110,p26
p63,p168
p303,p403
p331,p430
p420,p12
p126,p318
p372,p24
p276,p247
p362,p425
p118,p169
p119,p245
p11,p115
p316,p233
p131,p342
p190,p149
p73,p195
p452,p398
p63,p421
p232,p383
p382,p453
p201,p50
p368,p210
p226,p105
p394,p199
p267,p252
p163,p381
p266,p238
p7,p265
p467,p147
p180,p165
p262,p226
p371,p277
p308,p139
p206,p178
p299,p256
p28,p466
p104,p133
p180,p215
p149,p105
p148,p272
p383,p399
p443,p438
p351,p390
p97,p212
p243,p321
p115,p390
p406,p464
p79,p157
p289,p342
p81,p391
p74,p306
p307,p317
p288,p261
p372,p437
p2,p378
p186,p124
p7,p318
p156,p179
p275,p295
p241,p147
p275,p326
p184,p153
p194,p70
p257,p139
p128,p124
p236,p141
p118,p49
p452,p256
p170,p391
p57,p145
p161,p286
p464,p356
p419,p170
p429,p424
p101,p12
p12,p252
p341,p202
p185,p22
p59,p454
p371,p329
p127,p83
p200,p332
p420,p195
p466,p315
p263,p102
p386,p86
p424,p43
p121,p290
p343,p306
p346,p427
p37,p239
p204,p141
p274,p192
p165,p428
p103,p9
p181,p30
p209,p395
p229,p427
p133,p342
p270,p193
p167,p203
p309,p428
p157,p340
p202,p4
p325,p270
p235,p83
p196,p262
p155,p393
p360,p403
p298,p15
p110,p401
p259,p183
p396,p103
p386,p65
p255,p376
p201,p325
p460,p51
p185,p336
p364,p367
p16,p89
p303,p213
p303,p139
p257,p339
p346,p67
p333,p410
p159,p48
p56,p10
p363,p128
p308,p198
p164,p426
p458,p74
p328,p373
p241,p395
p195,p220
p17,p208
p6,p301
p328,p68
p56,p421
p15,p218
p204,p41
p55,p327
p267,p448
p390,p195
p250,p102
p224,p182
p3,p429
p249,p55
p134,p361
p297,p344
p196,p433
p102,p170
p306,p216
p266,p83
p44,p195
p161,p188
p411,p91
p266,p416
p217,p246
p252,p13
p276,p91
p351,p244
p446,p60
p190,p284
p318,p73
p445,p303
p396,p70
p437,p388
p119,p295
p454,p419
p76,p463
p441,p88
p69,p57
p395,p91
p463,p316
p371,p298
p122,p206
p269,p319
p293,p136
p346,p290
p258,p100
p129,p175
p341,p321
p251,p135
p236,p183
p63,p277
p36,p246
p406,p435
p56,p254
p175,p13
p51,p435
p466,p117
p86,p96
p19,p348
p423,p326
p337,p132
p398,p392
p409,p419
p420,p321
p397,p259
p21,p63
p362,p355
p326,p199
p359,p152
p410,p462
p23,p415
p454,p179
p405,p230
p174,p100
p31,p269
p398,p130
p318,p9
p52,p235
p408,p180
p74,p463
p325,p305
p410,p22
p465,p210
p15,p424
p276,p130
p279,p234
p225,p359
p412,p13
p307,p315
p82,p382
p174,p127
p173,p458
p239,p273
p311,p316
p15,p203
p35,p165
p224,p92
p249,p227
p259,p273
p456,p96
p170,p272
p397,p465
p115,p461
p419,p40
p123,p170
p467,p355
p327,p235
p64,p127
p321,p83
p355,p14
p367,p105
p357,p212
p316,p215
p380,p399
p383,p77
p464,p441
p406,p262
p280,p452
p98,p238
p416,p9
p133,p96
p188,p377
p50,p171
p356,p158
p261,p431
p274,p140
p337,p239
p170,p266
p72,p151
p182,p225
p193,p188
p238,p321
p354,p414
p35,p103
p449,p119
p306,p427
p281,p226
p120,p43
p242,p403
p21,p237
p142,p327
p249,p86
p223,p350
p274,p238
p413,p345
p129,p60
p117,p235
p125,p212
p345,p303
p253,p223
p219,p91
p351,p204
p261,p447
p409,p70
p155,p342
p335,p287
p17,p413
p206,p266
p234,p349
p397,p168
p194,p22
p312,p26
p154,p423
p420,p266
p458,p18
p212,p302
p16,p205
p151,p414
p346,p354
p418,p436
p63,p189
p19,p162
p351,p31
p1,p358
p251,p91
p298,p424
p408,p137
p302,p83
p67,p262
p130,p395
p159,p320
p44,p92
p356,p149
p248,p214
p15,p170
p47,p428
p153,p163
p145,p9
p458,p243
p223,p448
p275,p346
p394,p206
p284,p210
p344,p12
p341,p256
p2,p28
p324,p60
p367,p428
p70,p420
p120,p127
p399,p272
p284,p170
p373,p40
p444,p132
p82,p191
p266,p91
p55,p247
p226,p60
p51,p17
p28,p12
p236,p306
p86,p403
p332,p342
p311,p55
p71,p140
p396,p230
p340,p215
p231,p361
p85,p381
p451,p67
p159,p397
p47,p268
p12,p438
p74,p419
p224,p406
p363,p215
p190,p55
p201,p21
p15,p356
p147,p374
p79,p163
p425,p342
p61,p178
p350,p70
p391,p342
p59,p362
p258,p157
p350,p153
p11,p329
p81,p153
p307,p422
p399,p10
p238,p359
p49,p188
p396,p421
p75,p102
p225,p354
p2,p225
p449,p207
p403,p427
p406,p216
p160,p255
p339,p165
p68,p463
p396,p425
p440,p18
p424,p385
p303,p140
p51,p256
p111,p38
p440,p57
p99,p44
p329,p420
p392,p86
p257,p414
p257,p233
p395,p195
p296,p46
p151,p133
p310,p83
p100,p428
p65,p281
p243,p199
p84,p403
p390,p158
p132,p148
p351,p379
p112,p143
p316,p327
p73,p105
p185,p453
p86,p43
p150,p246
p139,p13
p436,p77
p81,p88
p98,p77
p277,p168
p35,p85
p44,p96
p123,p417
p465,p413
p265,p134
p337,p320
p333,p251
p192,p302
p216,p179
p64,p268
p315,p252
p265,p391
p283,p5
p69,p5
p417,p159
p451,p445
p108,p259
p112,p347
p400,p323
p158,p96
p107,p344
p424,p428
p254,p386
p226,p195
p222,p239
p126,p200
p365,p153
p57,p374
p60,p425
p61,p356
p180,p356
p134,p345
p18,p405
p29,p374
p166,p413
p32,p329
p448,p143
p428,p152
p92,p463
p444,p353
p387,p14
p298,p171
p314,p420
p336,p399
p275,p199
p340,p259
p44,p359
p164,p65
p212,p10
p154,p13
p282,p438
p456,p409
p2,p278
p46,p405
p267,p436
p154,p91
p426,p404
p363,p171
p318,p356
p100,p355
p306,p403
p439,p61
p416,p213
p208,p461
p79,p258
p18,p88
p243,p212
p57,p334
p228,p46
p196,p147
p326,p136
p68,p374
p72,p200
p212,p215
p416,p105
p32,p439
p65,p124
p224,p437
p463,p256
p280,p467
p334,p40
p135,p453
p75,p357
p291,p96
p271,p76
p53,p26
p181,p373
p155,p364
p82,p453
p107,p329
p227,p262
p2,p316
p293,p52
p278,p158
p315,p58
p359,p233
p100,p294
p314,p246
p317,p326
p226,p414
p166,p462
p205,p67
p220,p427
p269,p233
p239,p14
p132,p64
p316,p163
p359,p127
p411,p141
p98,p4
p144,p208
p212,p133
p59,p174
p410,p43
p129,p16
p120,p414
p174,p91
p269,p438
p86,p269
p448,p105
p164,p207
p365,p55
p1,p348
p192,p225
p189,p153
p107,p175
p402,p195
p306,p453
p217,p49
p274,p421
p134,p203
p103,p213
p125,p374
p17,p83
p122,p427
p290,p203
p283,p395
p140,p233
p179,p272
p323,p410
p114,p438
p94,p83
p380,p38
p428,p12
p278,p327
p206,p268
p110,p209
p248,p462
p388,p58
p92,p246
p129,p227
p166,p210
p210,p213
p257,p253
p323,p367
p194,p179
p108,p235
p277,p158
p294,p213
p346,p424
p272,p290
p309,p464
p346,p332
p84,p376
p305,p310
p274,p229
p254,p141
p170,p203
p443,p139
p223,p383
p288,p316
p296,p237
p378,p418
p89,p464
p29,p249
p22,p133
p316,p462
p304,p285
p51,p124
p39,p262
p80,p345
p173,p359
p56,p289
p337,p420
p427,p83
p69,p329
p290,p268
p102,p175
p395,p374
p17,p347
p369,p408
p78,p247
p348,p4
p117,p194
p326,p73
p176,p41
p455,p463
p122,p391
p111,p291
p303,p22
p456,p141
p390,p399
p238,p215
p402,p377
p433,p268
p356,p414
p346,p190
p122,p345
p161,p63
p171,p465
p262,p381
p54,p346
p244,p420
p415,p217
p335,p256
p451,p313
p317,p221
p126,p419
p30,p355
p232,p220
p312,p260
p132,p436
p288,p378
p92,p237
p311,p340
p396,p347
p119,p178
p216,p65
p268,p175
p157,p316
p305,p263
p146,p249
p249,p12
p250,p299
p134,p319
p126,p430
p87,p280
p255,p259
p420,p225
p251,p78
p410,p147
p445,p52
p108,p294
p221,p247
p113,p243
p447,p119
p104,p255
p432,p155
p396,p163
p123,p401
p164,p453
p419,p216
p360,p247
p260,p98
p219,p265
p128,p270
p55,p342
p373,p60
p220,p377
p18,p374
p84,p226
p385,p10
p210,p147
p33,p55
p307,p140
p149,p268
p16,p399
p258,p83
p428,p96
p84,p196
p280,p370
p260,p362
p93,p354
p211,p20
p338,p88
p124,p355
p378,p95
p462,p268
p224,p60
p466,p46
p110,p217
p51,p119
p102,p149
p164,p444
p205,p52
p1,p8
p104,p317
p318,p60
p78,p183
p94,p218
p204,p12
p242,p290
p379,p262
p16,p461
p260,p405
p459,p321
p401,p134
p419,p198
p97,p418
p352,p61
p282,p387
p11,p323
p315,p391
p4,p453
p369,p296
p94,p139
p192,p238
p206,p83
p150,p80
p234,p399
p103,p78
p31,p193
p168,p399
p71,p49
p176,p110
p456,p315
p207,p221
p258,p174
p45,p125
p58,p316
p135,p202
p467,p119
p45,p4
p355,p302
p446,p298
p312,p438
p61,p52
p241,p12
p345,p428
p425,p12
p195,p96
p352,p148
p283,p294
p163,p175
p153,p139
p238,p83
p278,p214
p189,p347
p441,p152
p2,p135
p161,p431
p347,p94
p389,p220
p67,p170
p159,p73
p198,p4
p117,p215
p264,p246
p295,p414
p426,p413
p176,p170
p338,p277
p360,p392
p5,p124
p233,p268
p251,p200
p40,p318
p394,p61
p277,p383
p305,p315
p298,p20
p426,p287
p14,p64
p343,p361
p31,p375
p53,p225
p384,p304
p293,p18
p337,p143
p428,p462
p292,p77
p336,p10
p98,p198
p146,p58
p438,p13
p191,p411
p79,p166
p53,p105
p370,p228
p74,p235
p133,p233
p269,p385
p375,p234
p447,p457
p413,p399
p183,p252
p276,p246
p314,p457
p408,p142
p379,p100
p318,p262
p364,p319
p241,p398
p97,p91
p293,p395
p338,p388
p289,p265
p198,p233
p306,p340
p347,p49
p222,p152
p369,p159
p143,p430
p73,p462
p212,p327
p95,p365
p5,p180
p28,p21
p36,p217
p50,p63
p115,p319
p332,p321
p90,p373
p426,p386
p303,p73
p138,p346
p447,p303
p218,p269
p376,p91
p266,p212
p296,p340
p216,p383
p266,p453
p454,p399
p449,p102
p54,p215
p434,p163
p143,p330
p360,p330
p310,p15
p45,p278
p230,p100
p239,p237
p57,p216
p201,p19
p5,p284
p458,p43
p280,p342
p124,p178
p141,p194
p420,p441
p16,p416
p388,p189
p279,p424
p362,p213
p373,p165
p407,p259
p410,p175
p447,p221
p320,p150
p178,p356
p266,p152
p443,p226
p242,p83
p320,p230
p40,p413
p41,p265
p305,p147
p400,p125
p201,p32
p209,p234
p441,p83
p69,p416
p211,p411
p352,p246
p314,p441
p240,p387
p410,p342
p273,p175
p55,p139
p314,p332
p169,p420
p356,p203
p130,p153
p442,p64
p89,p237
p74,p284
p28,p196
p192,p83
p84,p439
p23,p104
p6,p436
p251,p281
p304,p454
p127,p235
p458,p4
p411,p269
p2,p88
p137,p43
p449,p377
p82,p103
p23,p444
p322,p425
p299,p1
p223,p9
p308,p4
p223,p393
p404,p357
p187,p7
p178,p10
p258,p383
p426,p211
p97,p259
p339,p213
p397,p379
p382,p463
p219,p302
p54,p7
p211,p364
p369,p114
p116,p358
p134,p139
p328,p461
p21,p148
p225,p403
p182,p425
p25,p268
p195,p136
p314,p105
p448,p76
p433,p169
p137,p359
p108,p317
p94,p78
p348,p463
p40,p77
p100,p349
p244,p353
p331,p98
p63,p30
p353,p10
p5,p120
p235,p268
p129,p354
p11,p200
p356,p96
p131,p133
p324,p100
p273,p213
p270,p439
p147,p64
p232,p91
p126,p268
p361,p403
p94,p427
p144,p332
p249,p461
p351,p152
p320,p298
p402,p158
p463,p356
p163,p295
p455,p206
p341,p190
p292,p163
p428,p427
p198,p120
p87,p426
p437,p9
p411,p100
p204,p140
p451,p99
p159,p375
p355,p252
p188,p60
p18,p39
p274,p314
p5,p424
p22,p268
p432,p226
p275,p376
p28,p314
p218,p55
p189,p182
p33,p428
p165,p290
p90,p435
p277,p48
p300,p361
p375,p195
p4,p127
p177,p64
p167,p394
p60,p427
p308,p105
p418,p457
p424,p349
p278,p149
p160,p271
p171,p247
p172,p332
p419,p68
p27,p230
p398,p414
p306,p120
p132,p285
p244,p410
p358,p12
p142,p61
p332,p295
p323,p219
p90,p170
p360,p453
p106,p396
p251,p202
p78,p158
p378,p61
p91,p354
p291,p327
p455,p239
p293,p202
p458,p356
p308,p193
p211,p183
p445,p399
p28,p182
p433,p124
p272,p256
p136,p215
p84,p147
p333,p245
p296,p32
p74,p308
p50,p362
p427,p252
p457,p67
p385,p38
p120,p149
p137,p81
p130,p341
p221,p439
p380,p424
p287,p260
p112,p99
p48,p55
p375,p67
p351,p337
p337,p112
p208,p359
p204,p219
p119,p175
p317,p55
p454,p145
p131,p427
p47,p144
p55,p237
p290,p256
p328,p247
p182,p89
p73,p133
p405,p416
p4,p295
p183,p247
p61,p247
p261,p407
p294,p139
p451,p13
p224,p387
p416,p4
p251,p39
p444,p150
p132,p125
p25,p440
p20,p225
p34,p354
p127,p302
p341,p356
p321,p295
p208,p354
p3,p314
p459,p37
p51,p174
p351,p302
p21,p437
p41,p194
p245,p247
p428,p149
p317,p427
p421,p344
p111,p15
p355,p139
p70,p340
p75,p223
p104,p17
p279,p133
p173,p221
p309,p5
p173,p401
p4,p152
p100,p403
p463,p147
p187,p143
p177,p239
p228,p17
p161,p95
p174,p229
p344,p410
p167,p96
p332,p303
p64,p105
p103,p96
p451,p78
p134,p303
p309,p10
p9,p354
p239,p249
p373,p70
p65,p78
p389,p219
p330,p249
p117,p404
p327,p83
p415,p81
p16,p265
p245,p235
p383,p178
p401,p433
p417,p344
p49,p295
p273,p212
p95,p364
p263,p427
p323,p381
p53,p45
p143,p170
p95,p230
p221,p136
p49,p179
p446,p306
p117,p241
p196,p360
p322,p146
p114,p10
p288,p146
p418,p193
p187,p88
p40,p249
p112,p136
p464,p85
p271,p265
p54,p429
p205,p9
p234,p20
p108,p315
p254,p119
p275,p80
p20,p4
p22,p10
p387,p377
p409,p180
p274,p349
p229,p192
p77,p158
p7,p114
p287,p255
p306,p183
p267,p427
p78,p133
p60,p120
p9,p213
p208,p281
p4,p342
p124,p453
p59,p290
p456,p362
p283,p259
p182,p453
p232,p275
p80,p306
p32,p293
p411,p265
p145,p270
p447,p61
p221,p120
p352,p401
p262,p206
p457,p86
p129,p336
p211,p275
p256,p252
p394,p433
p59,p49
p98,p362
p124,p183
p211,p213
p315,p133
p421,p14
p348,p272
p126,p448
p148,p203
p226,p354
p383,p225
p164,p165
p128,p344
p153,p55
p116,p220
p197,p339
p69,p336
p282,p49
p451,p147
p240,p140
p153,p60
p226,p302
p241,p163
p439,p210
p398,p462
p391,p327
p344,p242
p394,p55
p395,p85
p148,p168
p115,p379
p226,p395
p35,p436
p128,p169
p408,p88
p217,p232
p459,p59
p35,p163
p122,p177
p188,p342
p128,p141
p271,p135
p206,p294
p176,p298
p335,p465
p280,p323
p410,p316
p356,p12
p419,p135
p417,p219
p78,p414
p220,p133
p223,p163
p447,p273
p221,p96
p291,p208
p251,p359
p340,p102
p279,p118
p418,p100
p341,p64
p248,p308
p450,p463
p26,p464
p62,p232
p48,p302
p467,p344
p108,p114
p357,p127
p178,p237
p136,p377
p257,p99
p116,p9
p268,p203
p419,p425
p321,p428
p301,p227
p300,p326
p212,p342
p162,p321
p5,p212
p249,p39
p57,p14
p305,p370
p265,p12
p435,p125
p337,p2
p458,p70
p18,p457
p26,p357
p101,p141
p360,p246
p248,p118
p232,p189
p87,p166
p455,p300
p292,p431
p297,p220
p144,p421
p86,p453
p54,p358
p185,p100
p15,p105
p150,p129
p378,p319
p315,p65
p145,p386
p461,p190
p452,p427
p103,p430
p242,p13
p196,p137
p101,p361
p134,p302
p125,p12
p241,p174
p312,p346
p380,p61
p347,p238
p380,p73
p8,p371
p253,p344
p262,p302
p215,p127
p389,p147
p340,p457
p399,p55
p271,p144
p116,p125
p451,p349
p286,p464
p406,p169
p375,p88
p373,p410
p92,p190
p131,p374
p395,p268
p146,p398
p5,p383
p286,p462
p346,p24
p209,p254
p254,p14
p425,p213
p87,p361
p361,p237
p314,p284
p87,p213
p416,p302
p35,p91
p192,p179
p29,p30
p109,p92
p389,p72
p316,p237
p208,p366
p281,p319
p412,p320
p321,p88
p100,p85
p258,p444
p92,p268
p298,p136
p184,p312
p333,p189
p456,p416
p228,p377
p116,p76
p48,p65
p260,p158
p71,p166
p137,p173
p353,p73
p412,p76
p291,p390
p129,p385
p211,p81
p358,p303
p217,p213
p113,p319
p429,p399
p183,p158
p457,p89
p146,p42
p329,p453
p228,p209
p323,p10
p109,p333
p200,p124
p151,p125
p296,p415
p92,p12
p330,p92
p46,p5
p115,p249
p318,p237
p189,p399
p381,p414
p325,p229
p140,p441
p250,p249
p82,p462
p78,p430
p265,p64
p370,p340
p85,p175
p117,p147
p440,p269
p131,p180
p434,p445
p62,p320
p192,p226
p240,p270
p360,p96
p172,p185
p109,p339
p317,p43
p230,p269
p298,p362
p269,p355
p334,p94
p149,p12
p46,p448
p7,p34
p10,p233
p278,p270
p257,p98
p210,p9
p189,p89
p16,p235
p406,p97
p328,p407
p237,p354
p52,p441
p176,p211
p406,p359
p251,p213
p111,p360
p57,p344
p148,p356
p100,p229
p30,p453
p239,p387
p243,p43
p172,p345
p161,p30
p253,p409
p33,p464
p167,p443
p432,p456
p5,p92
p136,p43
p396,p332
p326,p180
p211,p169
p336,p136
p264,p6
p45,p76
p117,p243
p110,p142
p134,p183
p366,p266
p261,p64
p298,p212
p302,p252
p363,p61
p229,p170
p160,p466
p376,p136
p347,p68
p340,p89
p391,p152
p460,p150
p201,p64
p237,p295
p70,p134
p178,p295
p377,p438
p129,p269
p372,p383
p430,p158
p441,p302
p40,p430
p448,p14
p98,p374
p172,p323
p333,p320
p219,p453
p249,p238
p69,p92
p213,p158
p108,p295
p434,p48
p191,p282
p365,p430
p236,p134
p408,p331
p14,p77
p196,p206
p265,p140
p321,p425
p64,p425
p436,p394
p222,p420
p361,p52
p52,p374
p410,p4
p109,p446
p104,p74
p360,p203
p388,p18
p185,p91
p163,p438
p435,p170
p4,p139
p108,p276
p395,p225
p91,p416
p126,p9
p417,p130
p66,p217
p302,p356
p31,p371
p174,p220
p32,p243
p395,p88
p67,p290
p353,p441
p457,p136
p422,p119
p454,p251
p187,p193
p44,p120
p324,p151
p231,p415
p280,p275
p173,p247
p258,p289
p108,p152
p267,p365
p85,p105
p86,p365
p188,p321
p21,p121
p463,p133
p432,p219
p194,p136
p78,p427
p304,p238
p388,p133
p93,p388
p268,p12
p270,p22
p298,p226
p133,p203
p376,p13
p304,p226
p457,p124
p447,p78
p53,p163
p229,p149
p431,p402
p418,p270
p280,p386
p45,p65
p299,p368
p277,p246
p371,p205
p168,p245
p333,p269
p124,p67
p275,p170
p271,p242
p279,p315
p319,p4
p19,p463
p102,p200
p45,p174
p34,p462
p103,p140
p216,p252
p117,p48
p31,p247
p15,p413
p104,p62
p95,p239
p372,p406
p204,p256
p229,p77
p233,p247
p167,p12
p280,p35
p4,p354
p375,p133
p397,p153
p384,p254
p2,p330
p404,p13
p88,p374
p92,p238
p89,p391
p115,p13
p35,p107
p169,p158
p45,p318
p352,p254
p403,p354
p69,p342
p195,p210
p271,p208
p288,p251
p367,p188
p99,p100
p357,p246
p425,p83
p133,p462
p53,p371
p180,p403
p114,p192
p212,p13
p123,p219
p100,p10
p125,p174
p90,p260
p328,p74
p131,p393
p360,p103
p308,p348
p398,p270
p184,p300
p157,p215
p224,p362
p141,p180
p312,p222
p68,p140
p90,p344
p384,p211
p111,p222
p351,p294
p159,p62
p365,p220
p70,p399
p321,p374
p122,p313
p157,p24
p173,p405
p219,p356
p292,p366
p123,p427
p372,p112
p157,p387
p465,p170
p360,p242
p118,p4
p237,p462
p155,p16
p296,p373
p192,p342
p98,p462
p137,p15
p319,p381
p33,p445
p173,p394
p397,p143
p452,p429
p279,p125
p465,p14
p355,p262
p178,p133
p56,p233
p32,p94
p280,p302
p300,p205
p376,p212
p56,p363
p132,p227
p140,p13
p284,p245
p371,p395
p53,p374
p435,p17
p234,p285
p263,p243
p95,p76
p187,p392
p434,p261
p436,p198
p196,p140
p182,p464
p167,p183
p4,p268
p101,p271
p71,p81
p124,p246
p185,p39
p395,p295
p444,p386
p74,p60
p198,p203
p406,p86
p75,p213
p212,p256
p234,p433
p266,p342
p120,p425
p416,p359
p244,p272
p411,p22
p177,p219
p341,p14
p399,p252
p301,p381
p299,p281
p284,p463
p70,p183
p94,p361
p214,p188
p258,p357
p124,p247
p274,p315
p373,p289
p421,p399
p179,p403
p63,p89
p378,p436
p467,p356
p204,p254
p110,p121
p39,p220
p92,p365
p59,p178
p214,p5
p392,p83
p265,p180
p463,p290
p181,p444
p67,p316
p338,p446
p428,p302
p150,p268
p159,p138
p403,p462
p316,p377
p320,p46
p136,p235
p337,p119
p462,p96
p120,p183
p317,p206
p460,p286
p446,p143
p406,p44
p370,p259
p47,p5
p359,p43
p52,p4
p116,p4
p297,p467
p240,p326
p25,p342
p38,p247
p187,p301
p44,p130
p7,p133
p265,p178
p145,p219
p161,p309
p67,p377
p331,p402
p55,p183
p157,p158
p307,p297
p51,p222
p369,p87
p247,p105
p211,p180
p448,p213
p51,p443
p335,p414
p199,p64
p254,p206
p448,p10
p296,p175
p442,p14
p237,p12
p430,p245
p72,p150
p38,p4
p379,p39
p413,p237
p428,p175
p395,p361
p344,p342
p327,p12
p102,p199
p355,p91
p148,p40
p410,p290
p229,p226
p44,p243
p54,p433
p76,p178
p135,p215
p181,p463
p234,p341
p138,p455
p248,p78
p42,p22
p33,p388
p196,p427
p194,p147
p225,p235
p131,p245
p147,p302
p304,p111
p170,p235
p279,p348
p379,p152
p231,p436
p329,p198
p396,p206
p337,p294
p199,p427
p280,p414
p97,p318
p349,p345
p84,p231
p15,p416
p458,p341
p452,p464
p372,p317
p280,p233
p285,p252
p305,p85
p174,p185
p263,p271
p193,p94
p375,p68
p394,p147
p246,p463
p235,p256
p123,p145
p244,p140
p414,p13
p231,p105
p33,p347
p8,p421
p246,p170
p366,p377
p436,p330
p44,p376
p103,p55
p92,p215
p202,p10
p143,p314
p405,p133
p44,p91
p467,p150
p95,p273
p426,p403
p355,p361
p361,p140
p311,p45
p354,p158
p307,p88
p311,p278
p431,p354
p194,p303
p177,p238
p215,p268
p402,p316
p393,p348
p79,p426
p413,p9
p346,p192
p128,p366
p70,p20
p452,p259
p150,p340
p205,p319
p251,p16
p158,p83
p446,p345
p219,p153
p148,p366
p409,p30
p130,p462
p276,p78
p423,p365
p451,p453
p258,p346
p276,p366
p297,p211
p134,p354
p314,p425
p392,p210
p422,p462
p269,p198
p69,p346
p387,p120
p35,p308
p159,p32
p1,p224
p120,p213
p171,p233
p278,p237
p48,p124
p185,p303
p463,p399
p122,p221
p28,p95
p176,p7
p406,p381
p111,p356
p287,p319
p338,p231
p134,p12
p305,p254
p272,p213
p369,p43
p250,p42
p148,p83
p297,p446
p319,p149
p327,p302
p18,p464
p368,p34
p25,p81
p332,p438
p292,p43
p84,p12
p460,p223
p380,p83
p307,p365
p266,p4
p248,p251
p115,p273
p324,p308
p157,p319
p190,p233
p11,p354
p372,p463
p338,p72
p439,p321
p231,p205
p6,p344
p253,p178
p194,p163
p27,p270
p274,p361
p164,p445
p18,p391
p167,p383
p4,p272
p388,p95
p318,p215
p274,p418
p11,p404
p93,p379
p124,p205
p324,p375
p69,p213
p352,p218
p116,p291
p192,p295
p185,p152
p201,p348
p42,p208
p46,p347
p467,p22
p396,p12
p21,p411
p137,p94
p111,p292
p124,p55
p339,p85
p344,p13
p126,p22
p404,p302
p304,p234
p229,p139
p277,p83
p390,p220
p131,p365
p62,p96
p116,p293
p385,p345
p60,p438
p58,p30
p254,p256
p431,p126
p325,p353
p295,p96
p27,p446
p264,p79
p298,p416
p409,p114
p1,p259
p299,p420
p140,p163
p285,p213
p389,p202
p190,p321
p372,p148
p279,p102
p309,p441
p435,p327
p324,p235
p146,p287
p241,p342
p172,p326
p341,p302
p325,p106
p221,p127
p221,p294
p205,p427
p402,p210
p356,p295
p68,p268
p292,p361
p406,p414
p204,p292
p347,p433
p416,p163
p308,p65
p290,p34
p196,p189
p160,p249
p37,p336
p459,p400
p444,p255
p340,p330
p272,p12
p89,p85
p321,p233
p127,p356
p18,p180
p265,p183
p29,p270
p64,p55
p280,p107
p91,p43
p383,p119
p223,p464
p228,p357
p210,p374
p359,p203
p306,p314
p17,p252
p234,p22
p459,p260
p16,p342
p149,p43
p385,p14
p157,p95
p337,p355
p296,p259
p124,p195
p333,p140
p262,p268
p429,p73
p298,p318
p424,p49
p159,p26
p202,p149
p365,p13
p194,p262
p324,p70
p378,p458
p337,p253
p27,p175
p197,p397
p194,p91
p453,p302
p332,p188
p113,p44
p357,p91
p464,p10
p443,p454
p21,p242
p285,p152
p64,p83
p134,p342
p240,p464
p250,p337
p255,p341
p187,p139
p430,p295
p449,p80
p54,p110
p434,p60
p45,p249
p388,p353
p202,p425
p263,p132
p108,p277
p97,p206
p294,p105
p343,p381
p310,p10
p180,p399
p378,p326
p49,p237
p61,p105
p316,p13
p125,p192
p242,p153
p424,p198
p379,p183
p364,p203
p211,p300
p18,p345
p230,p265
p266,p13
p193,p273
p311,p134
p74,p382
p2,p336
p447,p318
p339,p320
p273,p152
p147,p163
p61,p73
p237,p96
p134,p22
p98,p91
p44,p354
p28,p137
p67,p195
p355,p356
p282,p192
p150,p40
p417,p298
p288,p88
p362,p127
p423,p238
p95,p308
p127,p247
p382,p316
p448,p234
p368,p58
p48,p309
p45,p362
p160,p95
p5,p89
p280,p360
p56,p219
p70,p441
p68,p403
p51,p40
p278,p465
p267,p90
p187,p233
p172,p43
p357,p237
p226,p13
p131,p213
p88,p83
p452,p200
p319,p427
p97,p265
p292,p397
p314,p439
p58,p419
p60,p213
p288,p325
p41,p17
p435,p458
p293,p315
p445,p55
p52,p175
p355,p178
p68,p225
p68,p227
p465,p259
p63,p379
p171,p301
p181,p80
p140,p158
p304,p394
p226,p22
p292,p185
p405,p294
p226,p139
p267,p295
p148,p425
p95,p103
p300,p163
p20,p119
p270,p374
p93,p311
p186,p77
p296,p453
p387,p89
p277,p202
p189,p348
p196,p364
p190,p133
p236,p195
p40,p67
p144,p212
p146,p344
p409,p291
p345,p463
p59,p57
p448,p252
p95,p362
p305,p173
p81,p438
p369,p98
p409,p362
p29,p457
p57,p102
p52,p327
p401,p374
p367,p206
p227,p206
p282,p302
p104,p444
p85,p163
p318,p242
p64,p414
p98,p163
p360,p319
p362,p462
p165,p410
p414,p175
p380,p309
p118,p96
p163,p152
p273,p427
p222,p153
p344,p390
p2,p153
p331,p215
p312,p175
p292,p140
p322,p34
p74,p115
p320,p203
p141,p147
p9,p163
p449,p300
p452,p292
p444,p227
p315,p192
p51,p451
p222,p34
p439,p91
p195,p10
p21,p131
p383,p147
p284,p235
p259,p319
p446,p52
p169,p153
p243,p392
p36,p110
p36,p172
p313,p234
p126,p357
p208,p180
p452,p463
p373,p270
p301,p152
p48,p357
p371,p178
p306,p205
p39,p410
p142,p206
p32,p131
p158,p13
p296,p95
p197,p20
p205,p430
p50,p132
p137,p220
p284,p272
p361,p163
p127,p427
p2,p391
p195,p225
p370,p86
p153,p34
p288,p240
p162,p182
p384,p308
p166,p206
p36,p37
p137,p464
p39,p361
p352,p335
p192,p4
p267,p84
p194,p298
p45,p353
p226,p198
p204,p370
p364,p153
p392,p284
p362,p55
p467,p74
p106,p370
p45,p301
p374,p233
p51,p3
p54,p98
p36,p17
p353,p416
p20,p424
p343,p12
p132,p182
p325,p100
p115,p220
p136,p188
p216,p374
p179,p133
p201,p326
p456,p213
p130,p61
p212,p438
p380,p182
p368,p418
p93,p103
p420,p428
p128,p140
p460,p398
p404,p125
p7,p190
p143,p130
p230,p295
p159,p232
p215,p175
p330,p237
p91,p327
p11,p391
p24,p318
p320,p45
p412,p34
p46,p233
p400,p98
p11,p210
p214,p103
p93,p242
p415,p218
p188,p425
p380,p32
p408,p190
p361,p88
p314,p273
p25,p166
p448,p318
p337,p108
p35,p364
p164,p240
p341,p252
p84,p202
p428,p83
p258,p294
p387,p227
p187,p174
p314,p268
p170,p354
p145,p262
p376,p462
p51,p172
p433,p464
p157,p320
p148,p394
p303,p428
p68,p134
p328,p70
p221,p383
p230,p341
p323,p185
p249,p218
p464,p203
p363,p41
p361,p133
p337,p314
p183,p256
p297,p105
p300,p212
p430,p237
p373,p138
p393,p175
p291,p316
p145,p38
p37,p136
p129,p14
p91,p290
p161,p456
p71,p246
p310,p13
p382,p83
p130,p136
p408,p21
p59,p299
p151,p129
p384,p287
p447,p345
p91,p13
p369,p311
p159,p194
p461,p77
p150,p298
p281,p120
p446,p89
p24,p242
p189,p361
p71,p90
p71,p330
p2,p430
p250,p392
p191,p428
p370,p403
p447,p178
p27,p295
p261,p206
p305,p300
p128,p91
p407,p278
p49,p321
p402,p30
p292,p462
p185,p170
p333,p413
p172,p65
p376,p319
p310,p108
p249,p158
p36,p188
p392,p345
p350,p349
p282,p89
p412,p256
p150,p179
p280,p71
p271,p350
p306,p295
p462,p12
p108,p208
p381,p158
p108,p404
p372,p63
p37,p216
p30,p247
p457,p321
p455,p251
p207,p265
p212,p4
p61,p175
p174,p153
p55,p34
p332,p83
p148,p88
p177,p48
p329,p262
p349,p413
p334,p16
p23,p303
p460,p193
p403,p438
p443,p278
p184,p144
p439,p9
p179,p345
p408,p364
p265,p355
p75,p328
p263,p20
p336,p391
p234,p142
p59,p209
p98,p421
p9,p290
p323,p332
p418,p359
p458,p118
p422,p202
p206,p395
p204,p131
p97,p16
p104,p150
p333,p60
p355,p195
p101,p226
p17,p182
p171,p152
p82,p32
p360,p342
p217,p329
p179,p430
p9,p10
p415,p135
p86,p127
p189,p439
p99,p96
p166,p348
p44,p102
p7,p340
p428,p356
p399,p256
p334,p340
p114,p259
p335,p252
p66,p48
p260,p272
p23,p187
p285,p399
p30,p301
p88,p43
p59,p231
p365,p441
p33,p118
p227,p179
p355,p242
p349,p316
p434,p213
p379,p285
p412,p97
p78,p464
p198,p96
p463,p438
p66,p14
p432,p230
p183,p12
p325,p31
p351,p402
p323,p309
p114,p120
p248,p259
p159,p444
p310,p246
p254,p73
p155,p7
p345,p266
p418,p453
p391,p272
p79,p74
p217,p52
p2,p214
p17,p242
p18,p190
p454,p463
p348,p213
p78,p356
p123,p302
p29,p135
p253,p324
p121,p278
p14,p178
p182,p416
p177,p83
p312,p350
p11,p316
p315,p179
p452,p465
p306,p330
p341,p425
p243,p413
p300,p252
p137,p281
p201,p452
p234,p266
p365,p43
p50,p97
p404,p192
p54,p335
p249,p43
p272,p149
p308,p52
p88,p233
p3,p14
p244,p252
p148,p269
p103,p281
p53,p416
p136,p175
p284,p225
p276,p118
p396,p393
p218,p213
p184,p429
p211,p142
p148,p291
p277,p410
p300,p464
p189,p275
p200,p202
p173,p17
p255,p303
p20,p342
p423,p377
p179,p391
p262,p256
p158,p414
p58,p125
p82,p381
p366,p163
p344,p249
p398,p219
p463,p416
p238,p414
p401,p102
p58,p89
p311,p387
p51,p134
p142,p401
p349,p64
p32,p354
p114,p170
p410,p302
p304,p47
p326,p40
p350,p275
p123,p388
p112,p103
p17,p43
p447,p118
p376,p242
p380,p136
p287,p242
p219,p15
p293,p77
p431,p343
p137,p373
p92,p414
p70,p198
p451,p175
p146,p74
p392,p9
p327,p268
p450,p109
p107,p346
p222,p341
p294,p321
p167,p309
p392,p441
p161,p3
p267,p392
p56,p35
p159,p353
p22,p13
p228,p391
p163,p247
p305,p40
p250,p391
p35,p124
p77,p203
p121,p64
p168,p234
p40,p361
p393,p67
p429,p43
p446,p340
p452,p233
p1,p347
p39,p178
p157,p35
p354,p105
p3,p413
p246,p77
p4,p55
p44,p381
p312,p334
p367,p438
p430,p391
p106,p415
p421,p208
p371,p463
p146,p143
p117,p163
p313,p77
p324,p392
p378,p206
p180,p60
p95,p38
p134,p52
p3,p107
p385,p349
p306,p185
p337,p68
p118,p14
p331,p291
p321,p252
p329,p429
p146,p386
p427,p438
p183,p233
p447,p185
p299,p46
p129,p309
p24,p49
p50,p447
p406,p105
p372,p465
p99,p461
p5,p303
p423,p313
p23,p114
p132,p237
p168,p210
p458,p430
p310,p178
p316,p139
p85,p273
p159,p374
p307,p7
p171,p303
p197,p335
p157,p208
p432,p244
p142,p429
p178,p272
p278,p394
p259,p43
p437,p416
p148,p265
p1,p174
p392,p88
p127,p96
p359,p133
p234,p83
p242,p294
p229,p13
p190,p269
p48,p340
p193,p229
p243,p318
p71,p209
p110,p202
p187,p429
p344,p5
p74,p52
p221,p178
p345,p354
p191,p65
p46,p377
p190,p245
p101,p170
p77,p462
p155,p186
p176,p306
p392,p246
p195,p64
p49,p272
p465,p226
p433,p163
p292,p132
p424,p179
p103,p192
p81,p461
p15,p349
p303,p225
p371,p243
p149,p438
p108,p254
p214,p294
p346,p44
p2,p207
p360,p457
p352,p189
p61,p266
p230,p103
p180,p49
p173,p309
p110,p435
p93,p208
p51,p296
p159,p463
p129,p428
p296,p271
p460,p228
p439,p86
p157,p183
p170,p381
p100,p64
p126,p239
p45,p345
p340,p327
p49,p136
p160,p143
p318,p235
p345,p153
p224,p74
p119,p140
p208,p88
p306,p67
p443,p252
p415,p53
p271,p272
p329,p174
p89,p321
p435,p48
p461,p195
p207,p143
p152,p462
p444,p453
p84,p41
p466,p45
p416,p13
p378,p48
p348,p85
p78,p319
p263,p230
p127,p295
p109,p55
p466,p404
p421,p185
p349,p391
p308,p12
p356,p105
p166,p188
p92,p273
p354,p256
p242,p55
p128,p16
p377,p133
p309,p294
p120,p105
p204,p317
p25,p60
p463,p149
p162,p302
p394,p365
p336,p377
p313,p334
p82,p239
p436,p9
p326,p429
p325,p53
p376,p10
p349,p91
p356,p247
p76,p340
p347,p413
p121,p14
p297,p199
p276,p34
p385,p198
p355,p105
p337,p146
p462,p247
p419,p356
p193,p225
p116,p462
p278,p462
p100,p266
p467,p121
p73,p268
p389,p285
p124,p22
p350,p265
p246,p245
p29,p336
p94,p192
p455,p348
p123,p221
p11,p241
p424,p395
p171,p210
p281,p246
p142,p39
p271,p258
p465,p359
p330,p356
p15,p210
p199,p136
p232,p398
p311,p190
p91,p188
p445,p10
p189,p143
p148,p226
p122,p366
p151,p428
p316,p183
p393,p273
p273,p203
p304,p63
p389,p454
p250,p254
p266,p34
p238,p133
p62,p396
p65,p169
p58,p119
p100,p441
p228,p406
p158,p43
p14,p202
p222,p273
p160,p360
p19,p199
p48,p457
p432,p289
p103,p188
p194,p376
p407,p346
p404,p37
p334,p392
p336,p34
p241,p9
p19,p1
p191,p85
p319,p140
p51,p76
p66,p18
p319,p153
p412,p360
p321,p12
p406,p422
p100,p139
p320,p366
p383,p124
p47,p416
p324,p166
p452,p350
p318,p43
p417,p38
p298,p125
p419,p463
p87,p331
p84,p351
p143,p461
p455,p32
p425,p237
p366,p252
p266,p139
p417,p182
p319,p22
p238,p199
p296,p358
p337,p209
p79,p455
p392,p268
p156,p375
p172,p208
p415,p78
p288,p50
p61,p342
p420,p22
p250,p394
p155,p69
p446,p152
p54,p317
p89,p342
p33,p410
p260,p200
p378,p12
p279,p214
p324,p61
p317,p44
p287,p183
p34,p295
p40,p68
p399,p462
p457,p39
p7,p345
p325,p390
p286,p20
p395,p147
p460,p198
p380,p94
p400,p115
p81,p361
p128,p285
p2,p106
p452,p40
p180,p83
p143,p235
p462,p203
p247,p203
p84,p375
p99,p256
p112,p140
p181,p420
p365,p139
p228,p334
p5,p86
p90,p458
p196,p381
p411,p379
p169,p4
p432,p27
p137,p393
p209,p393
p174,p361
p91,p225
p42,p370
p245,p183
p242,p295
p121,p12
p434,p272
p373,p255
p348,p163
p301,p247
p71,p39
p64,p158
p457,p237
p441,p342
p294,p453
p372,p274
p242,p149
p80,p175
p439,p195
p393,p256
p397,p411
p185,p428
p339,p364
p448,p183
p183,p427
p380,p97
p333,p448
p152,p354
p63,p316
p139,p247
p135,p416
p214,p385
p74,p259
p234,p60
p467,p427
p460,p329
p423,p198
p327,p96
p308,p83
p47,p330
p138,p194
p117,p131
p248,p139
p457,p294
p234,p336
p271,p315
p148,p134
p309,p383
p18,p245
p284,p361
p207,p360
p265,p149
p379,p366
p2,p126
p299,p149
p152,p252
p37,p343
p288,p283
p93,p81
p232,p17
p46,p234
p167,p187
p47,p425
p92,p170
p42,p102
p412,p206
p419,p226
p445,p246
p209,p361
p120,p55
p396,p383
p269,p13
p364,p315
p459,p218
p341,p73
p415,p170
p151,p91
p282,p359
p337,p436
p331,p107
p11,p390
p348,p43
p135,p147
p390,p39
p431,p256
p153,p342
p167,p198
p317,p336
p339,p353
p258,p47
p373,p20
p55,p256
p159,p63
p305,p409
p191,p320
p386,p413
p385,p246
p62,p298
p221,p428
p291,p67
p258,p419
p353,p94
p439,p4
p166,p212
p176,p360
p57,p300
p338,p172
p433,p10
p274,p285
p343,p413
p103,p165
p17,p199
p110,p192
p227,p202
p28,p354
p352,p461
p99,p39
p467,p278
p228,p301
p59,p329
p341,p295
p422,p411
p17,p134
p180,p229
p208,p356
p365,p233
p369,p113
p266,p220
p137,p355
p63,p295
p322,p230
p407,p344
p4,p359
p419,p215
p66,p335
p453,p268
p56,p42
p97,p439
p228,p462
p205,p266
p421,p174
p434,p386
p214,p158
p368,p172
p313,p374
p135,p153
p191,p371
p393,p22
p317,p355
p49,p140
p456,p424
p48,p428
p405,p61
p318,p342
p407,p38
p50,p282
p441,p34
p104,p294
p410,p9
p246,p237
p24,p208
p281,p85
p30,p140
p182,p205
p140,p321
p382,p300
p304,p94
p282,p462
p11,p186
p20,p391
p379,p215
p365,p67
p446,p205
p318,p105
p447,p396
p243,p216
p253,p426
p409,p73
p15,p235
p348,p316
p420,p237
p57,p251
p2,p203
p170,p91
p19,p138
p384,p235
p225,p96
p31,p343
p460,p335
p127,p252
p5,p60
p29,p274
p144,p379
p281,p105
p232,p121
p303,p195
p288,p375
p448,p393
p26,p295
p277,p419
p397,p385
p357,p22
p242,p245
p100,p235
p463,p414
p115,p387
p336,p14
p50,p318
p167,p136
p288,p271
p45,p115
p325,p430
p120,p83
p450,p378
p172,p209
p79,p85
p349,p374
p4,p13
p271,p136
p466,p370
p84,p266
p138,p393
p446,p193
p221,p391
p447,p230
p19,p106
p439,p89
p407,p58
p272,p233
p396,p89
p147,p268
p292,p50
p30,p295
p140,p55
p85,p359
p267,p357
p1,p322
p194,p413
p199,p321
p138,p428
p27,p300
p191,p445
p82,p131
p289,p118
p172,p394
p422,p308
p48,p127
p214,p227
p40,p429
p109,p350
p422,p421
p129,p433
p121,p143
p14,p266
p41,p227
p109,p447
p308,p206
p110,p103
p401,p9
p142,p465
p188,p9
p145,p178
p351,p178
p382,p165
p361,p215
p313,p74
p206,p273
p24,p14
p447,p294
p400,p22
p2,p25
p248,p61
p222,p237
p55,p43
p107,p143
p283,p37
p378,p102
p357,p185
p324,p9
p338,p385
p314,p193
p92,p73
p46,p458
p331,p249
p269,p376
p19,p35
p157,p136
p14,p356
p145,p18
p372,p92
p287,p383
p273,p140
p368,p436
p212,p83
p465,p385
p403,p359
p257,p159
p76,p212
p275,p135
p76,p142
p307,p343
p266,p96
p270,p178
p1,p83
p314,p266
p128,p235
p324,p319
p54,p172
p92,p135
p294,p316
p207,p193
p319,p163
p138,p13
p108,p278
p246,p139
p337,p398
p404,p237
p20,p68
p259,p376
p134,p64
p371,p163
p28,p430
p332,p127
p421,p96
p17,p133
p447,p186
p355,p273
p244,p148
p272,p96
p421,p170
p363,p203
p168,p252
p316,p268
p108,p45
p74,p278
p112,p206
p448,p326
p88,p427
p329,p321
p148,p278
p134,p212
p341,p205
p134,p463
p210,p91
p303,p462
p276,p420
p202,p83
p311,p279
p391,p213
p462,p342
p204,p246
p18,p73
p374,p381
p188,p272
p373,p206
p82,p162
p170,p140
p14,p354
p37,p465
p387,p265
p330,p383
p322,p203
p327,p133
p170,p416
p344,p414
p48,p259
p276,p416
p248,p309
p229,p295
p348,p295
p278,p266
p349,p61
p383,p206
p180,p453
p255,p178
p315,p118
p317,p268
p410,p34
p26,p367
p391,p256
p106,p465
p58,p438
p279,p306
p93,p85
p440,p159
p445,p192
p287,p349
p150,p386
p334,p153
p463,p252
p78,p67
p145,p246
p207,p237
p23,p460
p14,p395
p450,p79
p206,p416
p55,p127
p115,p127
p57,p206
p440,p138
p243,p9
p336,p163
p390,p391
p299,p15
p176,p162
p48,p52
p300,p273
p351,p8
p328,p76
p389,p93
p37,p295
p458,p249
p267,p148
p369,p203
p283,p362
p189,p316
p459,p345
p104,p57
p452,p252
p111,p152
p396,p464
p113,p244
p321,p13
p10,p149
p155,p327
p270,p461
p111,p427
p211,p77
p45,p91
p223,p6
p65,p139
p276,p321
p179,p12
p377,p356
p112,p428
p363,p172
p366,p202
p110,p339
p394,p413
p55,p295
p255,p302
p147,p13
p463,p213
p236,p27
p253,p414
p153,p441
p140,p295
p28,p463
p127,p327
p260,p323
p222,p207
p17,p399
p283,p48
p376,p438
p448,p230
p89,p136
p46,p252
p157,p103
p123,p183
p315,p85
p353,p24
p224,p358
p406,p46
p72,p272
p417,p377
p8,p195
p390,p4
p216,p49
p337,p178
p296,p114
p157,p430
p139,p327
p174,p249
p17,p114
p280,p399
p50,p293
p133,p34
p275,p158
p188,p247
p57,p163
p285,p342
p387,p413
p47,p418
p172,p221
p255,p268
p317,p298
p87,p403
p26,p32
p274,p142
p253,p310
p85,p4
p32,p141
p25,p10
p399,p374
p277,p22
p312,p230
p467,p124
p148,p308
p82,p24
p39,p64
p340,p428
p68,p395
p436,p376
p263,p457
p310,p234
p165,p135
p403,p13
p63,p446
p344,p55
p165,p262
p44,p306
p458,p326
p24,p12
p244,p251
p274,p427
p70,p270
p231,p98
p68,p410
p193,p268
p337,p255
p442,p8
p446,p39
p360,p348
p68,p4
p1,p416
p433,p205
p122,p99
p352,p327
p245,p342
p304,p140
p248,p68
p181,p317
p461,p376
p221,p464
p402,p192
p25,p403
p227,p414
p107,p15
p287,p199
p24,p136
p417,p375
p16,p266
p334,p269
p412,p448
p411,p210
p296,p380
p272,p237
p406,p348
p180,p348
p257,p6
p171,p392
p450,p322
p330,p256
p306,p96
p371,p458
p180,p188
p109,p143
p271,p9
p126,p323
p93,p60
p239,p383
p97,p58
p266,p247
p388,p447
p280,p397
p54,p381
p171,p17
p300,p290
p112,p185
p406,p221
p244,p467
p383,p85
p233,p252
p439,p216
p395,p238
p303,p233
p399,p359
p357,p348
p79,p14
p351,p228
p77,p213
p112,p396
p356,p342
p120,p212
p79,p7
p430,p213
p150,p124
p409,p242
p111,p44
p204,p24
p179,p210
p409,p348
p131,p105
p282,p9
p79,p12
p454,p425
p35,p393
p238,p430
p140,p403
p248,p153
p346,p362
p418,p134
p246,p413
p130,p349
p294,p237
p8,p261
p315,p245
p407,p298
p122,p199
p264,p146
p198,p290
p35,p61
p381,p354
p399,p295
p92,p376
p44,p76
p367,p424
p94,p272
p368,p404
p430,p215
p129,p65
p213,p356
p421,p124
p140,p359
p249,p462
p77,p374
p94,p152
p16,p427
p379,p65
p230,p38
p289,p330
p164,p439
p373,p391
p58,p134
p91,p4
p194,p436
p363,p406
p109,p320
p89,p188
p17,p221
p280,p273
p23,p55
p284,p229
p429,p206
p81,p190
p457,p91
p365,p355
p258,p364
p389,p398
p155,p144
p453,p272
p292,p74
p84,p183
p80,p64
p263,p49
p140,p256
p177,p281
p464,p163
p245,p356
p381,p256
p307,p189
p210,p225
p440,p14
p464,p140
p155,p32
p300,p208
p156,p55
p349,p199
p48,p245
p339,p124
p95,p88
p182,p103
p253,p354
p387,p77
p40,p262
p299,p186
p291,p387
p228,p200
p66,p204
p198,p427
p77,p238
p241,p441
p201,p11
p107,p247
p153,p399
p54,p107
p289,p448
p388,p217
p292,p379
p210,p55
p264,p9
p218,p356
p126,p395
p154,p302
p271,p331
p26,p148
p270,p9
p40,p463
p271,p148
p272,p13
p21,p374
p362,p16
p179,p226
p374,p462
p347,p430
p219,p347
p71,p260
p201,p319
p406,p237
p417,p189
p366,p213
p138,p396
p6,p428
p106,p452
p128,p94
p413,p256
p74,p464
p342,p256
p389,p249
p415,p94
p351,p165
p61,p256
p426,p120
p240,p52
p100,p416
p19,p269
p197,p287
p145,p195
p143,p4
p367,p453
p150,p216
p170,p290
p146,p137
p377,p233
p4,p96
p63,p120
p249,p60
p467,p315
p129,p245
p55,p12
p461,p354
p412,p21
p180,p9
p280,p249
p126,p208
p386,p136
p40,p453
p421,p237
p287,p99
p242,p225
p458,p124
p156,p44
p464,p252
p95,p383
p274,p252
p281,p225
p271,p247
p129,p441
p207,p180
p319,p356
p207,p317
p7,p165
p182,p265
p373,p398
p284,p96
p135,p43
p239,p360
p253,p80
p461,p229
p36,p437
p427,p96
p17,p259
p330,p420
p180,p190
p173,p65
p289,p278
p383,p416
p78,p235
p315,p302
p35,p119
p401,p229
p129,p185
p66,p150
p32,p147
p448,p226
p227,p64
p111,p237
p121,p242
p370,p421
p138,p78
p440,p335
p352,p120
p273,p256
p147,p359
p148,p405
p94,p252
p228,p330
p44,p193
p47,p349
p202,p316
p392,p102
p142,p410
p49,p430
p332,p377
p97,p64
p84,p58
p194,p424
p150,p226
p211,p342
p448,p70
p223,p390
p245,p105
p157,p445
p304,p328
p81,p179
p246,p192
p144,p124
p239,p48
p447,p269
p231,p3
p330,p321
p357,p376
p300,p229
p348,p247
p389,p42
p461,p163
p409,p183
p140,p4
p346,p70
p403,p55
p197,p375
p155,p165
p357,p4
p235,p427
p467,p433
p385,p4
p146,p438
p22,p256
p411,p76
p40,p14
p358,p462
p307,p125
p340,p318
p48,p178
p422,p259
p111,p192
p337,p432
p284,p43
p201,p411
p374,p302
p343,p420
p237,p427
p122,p76
p330,p359
p193,p127
p84,p145
p241,p138
p150,p383
p180,p139
p151,p115
p411,p39
p124,p262
p301,p102
p288,p242
p128,p52
p277,p20
p21,p346
p118,p269
p260,p143
p258,p433
p144,p360
p274,p7
p227,p13
p7,p134
p350,p80
p247,p96
p283,p76
p365,p88
p85,p321
p351,p91
p73,p302
p76,p399
p72,p436
p113,p22
p365,p225
p70,p419
p63,p129
p66,p39
p386,p300
p70,p344
p351,p186
p209,p277
p102,p272
p162,p62
p395,p198
p364,p127
p145,p385
p378,p435
p338,p140
p357,p429
p42,p85
p115,p179
p313,p208
p294,p163
p396,p168
p343,p302
p382,p301
p275,p34
p58,p206
p3,p390
p50,p200
p338,p73
p285,p135
p338,p137
p87,p248
p156,p277
p135,p374
p112,p345
p75,p239
p48,p301
p103,p14
p397,p208
p139,p256
p97,p393
p375,p76
p395,p381
p21,p271
p15,p192
p405,p465
p346,p295
p436,p86
p367,p377
p80,p237
p65,p133
p386,p419
p4,p10
p298,p9
p59,p247
p29,p225
p332,p354
p51,p262
p15,p256
p378,p445
p450,p14
p131,p234
p332,p238
p59,p221
p120,p215
p335,p411
p384,p419
p405,p247
p442,p117
p364,p376
p59,p210
p220,p64
p419,p366
p365,p202
p147,p416
p259,p83
p429,p430
p404,p309
p196,p375
p419,p229
p173,p80
p284,p420
p366,p55
p323,p427
p69,p85
p137,p345
p345,p73
p37,p120
p402,p143
p101,p388
p261,p86
p8,p430
p357,p379
p112,p353
p270,p85
p258,p112
p327,p149
p230,p67
p249,p427
p319,p295
p3,p139
p282,p229
p9,p302
p292,p416
p173,p52
p292,p368
p401,p178
p261,p53
p322,p208
p452,p395
p66,p294
p33,p451
p97,p342
p171,p424
p144,p321
p195,p147
p19,p456
p433,p461
p62,p346
p404,p103
p328,p339
p400,p446
p277,p226
p195,p105
p89,p127
p294,p55
p423,p342
p198,p391
p74,p58
p122,p240
p296,p390
p188,p220
p436,p134
p82,p390
p120,p12
p331,p68
p344,p205
p326,p86
p177,p348
p165,p170
p319,p120
p351,p420
p344,p22
p392,p269
p296,p293
p36,p20
p228,p50
p444,p279
p282,p243
p390,p319
p400,p254
p110,p48
p319,p428
p123,p310
p121,p353
p136,p152
p106,p140
p80,p4
p5,p52
p331,p230
p42,p136
p145,p44
p202,p462
p323,p360
p242,p188
p204,p148
p227,p294
p446,p315
p276,p70
p103,p428
p228,p91
p289,p365
p219,p83
p86,p12
p353,p252
p172,p317
p282,p76
p184,p5
p463,p105
p51,p203
p72,p331
p148,p229
p75,p448
p382,p385
p373,p344
p417,p443
p333,p185
p426,p368
p244,p7
p141,p170
p32,p262
p174,p83
p173,p242
p348,p441
p234,p105
p221,p190
p338,p126
p459,p322
p400,p85
p250,p119
p154,p147
p273,p55
p398,p192
p182,p269
p393,p349
p132,p396
p53,p268
p227,p238
p442,p33
p287,p444
p92,p127
p58,p245
p321,p96
p91,p96
p61,p13
p126,p16
p15,p202
p290,p13
p339,p192
p387,p332
p72,p423
p255,p396
p270,p362
p66,p385
p186,p225
p214,p284
p280,p305
p392,p262
p46,p96
p439,p266
p451,p378
p18,p5
p382,p270
p382,p242
p279,p86
p463,p428
p287,p45
p60,p453
p106,p129
p301,p60
p140,p414
p90,p226
p383,p38
p82,p372
p166,p464
p421,p60
p90,p177
p268,p83
p244,p327
p189,p242
p182,p237
p104,p275
p288,p291
p297,p182
p310,p247
p234,p366
p108,p247
p89,p453
p169,p175
p188,p225
p309,p457
p6,p147
p67,p147
p241,p203
p100,p354
p454,p206
p95,p323
p56,p144
p435,p272
p53,p4
p27,p316
p276,p174
p138,p89
p200,p153
p379,p342
p70,p89
p80,p356
p61,p361
p4,p256
p11,p192
p117,p411
p28,p375
p178,p242
p89,p395
p60,p64
p372,p245
p339,p252
p167,p377
p204,p413
p299,p28
p297,p147
p379,p218
p309,p284
p132,p153
p433,p453
p135,p198
p450,p386
p58,p309
p251,p15
p309,p105
p247,p43
p296,p60
p334,p100
p187,p94
p456,p371
p316,p438
p159,p16
p194,p17
p363,p78
p359,p377
p156,p456
p84,p240
p379,p118
p50,p206
p20,p120
p433,p290
p396,p268
p317,p429
p148,p147
p372,p114
p154,p47
p170,p139
p432,p360
p311,p46
p71,p371
p288,p178
p62,p24
p243,p96
p444,p331
p50,p153
p160,p18
p360,p272
p333,p120
p276,p391
p367,p7
p179,p359
p167,p361
p325,p52
p241,p444
p375,p126
p160,p262
p309,p43
p37,p24
p40,p303
p307,p9
p319,p60
p346,p86
p274,p394
p181,p186
p71,p177
p398,p281
p76,p94
p51,p272
p135,p12
p279,p242
p363,p166
p30,p60
p113,p364
p10,p183
p417,p166
p281,p247
p38,p252
p32,p119
p51,p382
p352,p21
p214,p347
p390,p68
p24,p348
p164,p40
p215,p13
p2,p424
p145,p439
p187,p153
p398,p158
p188,p175
p275,p230
p426,p9
p387,p34
p200,p105
p124,p399
p171,p461
p10,p356
p22,p233
p383,p140
p423,p120
p44,p238
p250,p73
p373,p332
p419,p272
p183,p438
p189,p24
p222,p139
p86,p410
p367,p215
p78,p327
p229,p220
p467,p4
p138,p259
p65,p68
p341,p220
p66,p12
p464,p272
p333,p13
p393,p265
p374,p252
p201,p2
p324,p195
p42,p247
p7,p237
p407,p186
p5,p203
p28,p133
p136,p438
p286,p271
p458,p180
p389,p286
p283,p148
p275,p308
p443,p18
p21,p394
p257,p396
p36,p180
p297,p394
p271,p346
p112,p463
p376,p215
p57,p448
p457,p68
p341,p416
p215,p453
p10,p354
p40,p22
p49,p356
p160,p114
p208,p15
p259,p179
p344,p88
p400,p259
p400,p212
p56,p57
p245,p12
p387,p242
p216,p249
p359,p453
p386,p208
p19,p268
p297,p375
p333,p103
p299,p393
p225,p441
p27,p182
p270,p202
p44,p200
p139,p83
p396,p245
p201,p418
p159,p347
p131,p92
p330,p284
p299,p42
p125,p427
p225,p252
p37,p242
p288,p25
p137,p38
p282,p399
p84,p221
p274,p308
p418,p394
p305,p435
p89,p120
p275,p298
p375,p22
p29,p212
p186,p314
p392,p152
p408,p444
p181,p437
p244,p243
p150,p413
p330,p61
p265,p242
p98,p413
p91,p399
p235,p233
p16,p327
p435,p427
p63,p327
p168,p135
p92,p133
p86,p420
p452,p344
p143,p457
p132,p10
p392,p413
p254,p140
p307,p276
p194,p359
p450,p130
p14,p83
p95,p445
p269,p403
p132,p278
p254,p195
p1,p193
p241,p10
p77,p60
p379,p14
p272,p342
p132,p150
p458,p89
p452,p127
p418,p392
p262,p414
p381,p203
p321,p34
p58,p24
p28,p295
p41,p410
p72,p356
p265,p5
p421,p302
p304,p199
p169,p49
p369,p406
p68,p175
p258,p135
p123,p24
p337,p137
p192,p247
p466,p39
p407,p210
p345,p290
p292,p388
p169,p238
p195,p149
p189,p430
p339,p301
p344,p413
p249,p252
p265,p464
p389,p114
p23,p383
p336,p428
p73,p199
p253,p230
p461,p15
p145,p364
p107,p182
p454,p92
p154,p334
p165,p39
p67,p55
p393,p233
p365,p273
p155,p291
p316,p96
p444,p35
p14,p13
p371,p118
p172,p356
p296,p7
p90,p359
p363,p216
p102,p461
p465,p377
p18,p355
p109,p404
p179,p399
p140,p83
p156,p262
p457,p78
p53,p361
p176,p392
p257,p53
p187,p340
p407,p268
p304,p202
p197,p396
p197,p53
p113,p281
p349,p83
p194,p215
p107,p430
p278,p445
p298,p7
p289,p447
p410,p153
p388,p85
p281,p424
p89,p246
p17,p16
p55,p290
p425,p105
p239,p349
p220,p105
p200,p385
p165,p316
p30,p135
p422,p80
p209,p461
p109,p295
p236,p49
p439,p152
p390,p355
p408,p28
p45,p356
p376,p22
p80,p135
p410,p348
p355,p153
p229,p463
p282,p233
p35,p413
p286,p156
p236,p424
p436,p242
p109,p4
p350,p402
p181,p1
p10,p381
p17,p247
p64,p233
p384,p22
p148,p441
p367,p4
p188,p438
p457,p376
p355,p245
p106,p291
p358,p260
p369,p464
p45,p74
p263,p4
p143,p102
p169,p67
p81,p140
p296,p55
p418,p129
p66,p300
p382,p395
p417,p119
p208,p340
p244,p270
p48,p24
p273,p302
p81,p10
p161,p43
p107,p64
p448,p390
p84,p291
p25,p410
p231,p340
p5,p205
p219,p199
p53,p341
p182,p319
p150,p153
p433,p354
p241,p301
p119,p55
p62,p345
p465,p77
p116,p375
p131,p13
p313,p422
p305,p395
p155,p232
p244,p463
p177,p80
p108,p362
p300,p427
p373,p347
p201,p230
p97,p158
p61,p152
p236,p303
p99,p278
p163,p83
p82,p342
p197,p221
p35,p57
p28,p48
p305,p398
p270,p360
p293,p126
p227,p246
p153,p302
p309,p332
p181,p209
p433,p441
p74,p379
p218,p135
p204,p21
p211,p9
p62,p152
p451,p199
p388,p89
p11,p55
p336,p252
p413,p395
p23,p334
p434,p374
p156,p163
p150,p362
p51,p406
p420,p316
p37,p255
p20,p377
p240,p198
p34,p427
p413,p453
p46,p294
p395,p215
p253,p233
p123,p89
p90,p266
p325,p29
p153,p10
p80,p294
p200,p461
p377,p175
p90,p209
p366,p4
p45,p5
p281,p13
p433,p414
p253,p12
p436,p170
p374,p268
p325,p73
p265,p245
p166,p214
p51,p447
p353,p387
p431,p175
p301,p91
p369,p249
p465,p85
p100,p245
p173,p366
p433,p262
p111,p51
p150,p318
p128,p448
p206,p203
p201,p347
p330,p206
p391,p88
p159,p451
p329,p269
p145,p268
p101,p443
p403,p233
p420,p268
p6,p340
p57,p180
p326,p284
p326,p393
p275,p251
p110,p60
p129,p399
p396,p348
p95,p225
p5,p269
p39,p195
p414,p43
p415,p262
p391,p428
p410,p88
p30,p410
p192,p163
p162,p41
p289,p124
p372,p429
p269,p165
p221,p266
p378,p393
p432,p70
p430,p83
p436,p52
p161,p382
p309,p102
p212,p213
p285,p429
p241,p454
p177,p170
p87,p26
p5,p259
p383,p410
p70,p285
p144,p402
p317,p346
p193,p91
p128,p96
p462,p149
p253,p370
p432,p229
p320,p419
p433,p88
p31,p342
p412,p194
p418,p65
p160,p455
p334,p386
p292,p281
p364,p246
p197,p247
p319,p272
p123,p386
p395,p202
p365,p345
p267,p346
p162,p413
p142,p180
p26,p385
p292,p158
p104,p69
p449,p445
p343,p178
p165,p361
p146,p95
p120,p316
p443,p347
p160,p417
p250,p147
p24,p268
p269,p22
p231,p422
p75,p358
p425,p247
p51,p383
p284,p413
p150,p175
p99,p416
p59,p71
p99,p295
p313,p274
p72,p173
p24,p376
p241,p166
p346,p225
p452,p298
p443,p30
p174,p5
p436,p295
p380,p349
p129,p421
p98,p377
p260,p165
p6,p403
p235,p438
p18,p256
p316,p399
p344,p290
p253,p15
p428,p354
p380,p14
p64,p302
p173,p269
p8,p467
p36,p364
p74,p420
p116,p392
p242,p428
p346,p327
p204,p312
p455,p107
p279,p374
p276,p38
p442,p5
p328,p13
p464,p295
p249,p294
p355,p83
p126,p251
p42,p413
p346,p60
p293,p158
p169,p152
p301,p15
p176,p289
p420,p399
p353,p190
p177,p225
p93,p50
p280,p307
p95,p212
p103,p100
p397,p339
p355,p152
p285,p114
p362,p179
p246,p336
p422,p198
p168,p366
p180,p420
p289,p276
p409,p103
p195,p294
p68,p376
p286,p424
p316,p88
p317,p242
p335,p422
p182,p102
p350,p211
p294,p127
p180,p192
p102,p302
p137,p83
p161,p87
p202,p427
p339,p179
p103,p359
p51,p302
p143,p12
p118,p316
p1,p436
p338,p74
p279,p332
p368,p10
p92,p124
p75,p440
p123,p416
p376,p213
p445,p237
p412,p230
p173,p171
p254,p422
p136,p427
p260,p91
p218,p361
p155,p135
p335,p20
p145,p308
p299,p110
p434,p456
p60,p295
p368,p376
p56,p126
p269,p127
p37,p458
p56,p258
p395,p294
p360,p355
p401,p395
p433,p136
p160,p283
p188,p43
p228,p266
p25,p22
p72,p168
p273,p428
p307,p453
p54,p258
p263,p314
p165,p319
p411,p285
p340,p265
p299,p290
p233,p438
p315,p392
p439,p183
p90,p175
p264,p228
p67,p395
p331,p102
p245,p290
p241,p302
p457,p395
p225,p13
p249,p169
p36,p441
p118,p266
p258,p309
p226,p242
p307,p31
p393,p356
p393,p445
p60,p302
p458,p462
p27,p439
p206,p430
p99,p86
p201,p316
p394,p38
p352,p319
p421,p49
p344,p200
p452,p170
p132,p52
p130,p326
p402,p86
p400,p211
p390,p190
p122,p266
p408,p63
p410,p327
p108,p429
p91,p153
p82,p71
p433,p203
p241,p177
p294,p272
p101,p421
p256,p83
p30,p436
p44,p114
p266,p158
p228,p173
p335,p162
p382,p39
p121,p142
p71,p149
p344,p221
p72,p429
p109,p115
p205,p158
p35,p212
p192,p438
p262,p120
p240,p70
p402,p94
p101,p150
p145,p212
p100,p220
p331,p246
p207,p77
p321,p105
p148,p349
p81,p60
p22,p152
p62,p74
p380,p80
p321,p152
p120,p96
p303,p252
p191,p95
p290,p105
p352,p436
p125,p413
p384,p307
p447,p425
p249,p262
p332,p213
p138,p180
p245,p34
p122,p255
p123,p428
p152,p327
p164,p429
p336,p195
p312,p315
p453,p213
p132,p124
p379,p140
p456,p406
p459,p144
p218,p60
p386,p40
p1,p350
p412,p226
p204,p356
p121,p403
p53,p141
p66,p94
p161,p387
p263,p429
p190,p52
p100,p163
p461,p413
p341,p392
p310,p276
p242,p342
p215,p34
p23,p193
p305,p413
p146,p69
p232,p52
p291,p326
p425,p302
p266,p441
p250,p111
p406,p293
p193,p163
p38,p175
p4,p203
p407,p465
p190,p212
p423,p323
p253,p302
p3,p436
p31,p345
p62,p225
p259,p215
p6,p129
p401,p119
p286,p46
p340,p190
p381,p233
p420,p136
p457,p10
p351,p291
p442,p322
p305,p266
p145,p169
p63,p221
p106,p318
p85,p430
p168,p433
p122,p360
p466,p73
p372,p183
p174,p399
p381,p183
p246,p198
p143,p354
p8,p443
p154,p390
p450,p356
p315,p102
p205,p105
p156,p411
p449,p264
p56,p182
p44,p318
p262,p91
p181,p276
p245,p149
p467,p168
p181,p226
p336,p374
p420,p213
p151,p364
p47,p429
p393,p64
p140,p213
p359,p438
p466,p382
p290,p12
p41,p48
p459,p169
p358,p306
p241,p292
p106,p335
p34,p414
p33,p404
p347,p105
p191,p61
p389,p207
p434,p157
p403,p290
p458,p221
p366,p332
p26,p399
p57,p355
p288,p214
p248,p129
p136,p245
p19,p85
p334,p142
p318,p55
p418,p169
p181,p350
p245,p272
p318,p354
p186,p386
p310,p287
p408,p281
p228,p354
p266,p354
p241,p238
p200,p212
p403,p237
p200,p205
p197,p410
p269,p147
p380,p98
p135,p438
p270,p64
p30,p165
p60,p55
p155,p256
p325,p316
p248,p413
p304,p16
p448,p332
p65,p55
p24,p133
p146,p275
p397,p174
p7,p225
p87,p218
p336,p175
p328,p112
p301,p246
p308,p298
p415,p203
p2,p375
p313,p125
p304,p316
p266,p55
p397,p203
p373,p274
p407,p60
p102,p190
p74,p436
p85,p235
p421,p34
p115,p102
p119,p354
p239,p278
p226,p149
p422,p233
p163,p453
p134,p127
p428,p233
p222,p340
p39,p203
p439,p354
p258,p179
p314,p342
p92,p302
p40,p86
p215,p83
p2,p397
p235,p34
p108,p334
p316,p354
p376,p399
p386,p361
p76,p242
p235,p158
p378,p441
p411,p425
p430,p140
p123,p218
p409,p12
p30,p403
p71,p454
p131,p70
p348,p225
p361,p203
p39,p73
p124,p10
p88,p149
p34,p96
p143,p182
p315,p294
p299,p409
p361,p139
p41,p85
p67,p120
p205,p179
p208,p225
p365,p318
p416,p391
p437,p214
p224,p320
p235,p203
p240,p465
p351,p20
p322,p295
p169,p195
p81,p44
p80,p12
p25,p293
p163,p256
p381,p96
p419,p190
p210,p237
p405,p208
p283,p159
p463,p55
p378,p13
p187,p150
p390,p163
p157,p293
p326,p114
p263,p226
p313,p147
p335,p205
p123,p292
p3,p463
p286,p467
p137,p41
p321,p290
p151,p39
p168,p321
p318,p399
p312,p217
p272,p327
p274,p341
p374,p290
p393,p73
p153,p83
p400,p435
p226,p147
p357,p295
p442,p392
p185,p149
p148,p436
p465,p246
p296,p185
p413,p348
p322,p368
p184,p94
p331,p293
p70,p152
p33,p463
p266,p199
p84,p157
p189,p114
p303,p136
p240,p344
p277,p12
p299,p378
p222,p392
p392,p361
p307,p415
p300,p390
p260,p420
p467,p200
p70,p221
p38,p136
p190,p206
p100,p410
p100,p259
p2,p328
p67,p152
p320,p421
p135,p225
p154,p130
p64,p235
p362,p199
p86,p213
p136,p425
p319,p403
p421,p268
p193,p246
p165,p226
p297,p140
p236,p401
p267,p9
p227,p413
p435,p22
p334,p425
p332,p100
p284,p10
p419,p294
p415,p214
p247,p175
p192,p127
p71,p378
p159,p200
p345,p149
p390,p14
p346,p125
p16,p92
p106,p453
p223,p35
p423,p119
p49,p170
p238,p195
p190,p348
p332,p463
p197,p80
p366,p165
p77,p381
p17,p393
p178,p414
p405,p89
p162,p46
p69,p94
p270,p235
p260,p139
p204,p409
p72,p5
p442,p182
p369,p350
p10,p96
p300,p355
p363,p220
p389,p419
p435,p105
p234,p387
p37,p77
p86,p124
p231,p224
p463,p163
p179,p85
p287,p17
p455,p386
p84,p277
p259,p462
p8,p300
p106,p139
p59,p348
p188,p391
p384,p27
p44,p377
p111,p213
p397,p392
p154,p70
p173,p182
p14,p237
p241,p401
p17,p243
p462,p252
p26,p95
p39,p4
p100,p88
p173,p16
p214,p273
p129,p401
p466,p440
p254,p63
p435,p145
p248,p74
p385,p266
p41,p24
p165,p188
p372,p219
p212,p316
p376,p12
p387,p10
p205,p120
p267,p120
p181,p154
p52,p462
p312,p289
