author_id,paper_id,published_at,author_sequence
a3,p13,2010-01-06,1
a15,p13,2010-01-06,2
a23,p13,2010-01-06,3
a4,p13,2010-01-06,4
a25,p13,2010-01-06,5
a30,p43,2010-01-08,1
a4,p43,2010-01-08,2
a12,p43,2010-01-08,3
a21,p43,2010-01-08,4
a22,p43,2010-01-08,5
a7,p43,2010-01-08,6
a5,p96,2010-01-12,1
a24,p96,2010-01-12,2
a6,p105,2010-02-17,1
a28,p105,2010-02-17,2
a18,p203,2010-02-27,1
a9,p203,2010-02-27,2
a30,p203,2010-02-27,3
a31,p438,2010-03-01,1
a18,p83,2010-03-05,1
a26,p83,2010-03-05,2
a10,p83,2010-03-05,3
a25,p83,2010-03-05,4
a21,p83,2010-03-05,5
a13,p83,2010-03-05,6
a11,p83,2010-03-05,7
a3,p83,2010-03-05,8
a29,p252,2010-03-13,1
a18,p252,2010-03-13,2
a26,p12,2010-04-07,1
a28,p12,2010-04-07,2
a5,p12,2010-04-07,3
a1,p12,2010-04-07,4
a16,p12,2010-04-07,5
a10,p12,2010-04-07,6
a3,p12,2010-04-07,7
a32,p175,2010-04-17,1
a13,p175,2010-04-17,2
a21,p175,2010-04-17,3
a26,p175,2010-04-17,4
a7,p175,2010-04-17,5
a23,p175,2010-04-17,6
a9,p414,2010-04-19,1
a13,p414,2010-04-19,2
a7,p414,2010-04-19,3
a3,p414,2010-04-19,4
a28,p414,2010-04-19,5
a10,p414,2010-04-19,6
a31,p414,2010-04-19,7
a29,p414,2010-04-19,8
a30,p268,2010-05-01,1
a10,p268,2010-05-01,2
a13,p268,2010-05-01,3
a14,p268,2010-05-01,4
a28,p256,2010-05-02,1
a27,p256,2010-05-02,2
a13,p256,2010-05-02,3
a5,p149,2010-05-04,1
a1,p149,2010-05-04,2
a31,p149,2010-05-04,3
a21,p149,2010-05-04,4
a9,p149,2010-05-04,5
a23,p149,2010-05-04,6
a12,p149,2010-05-04,7
a31,p342,2010-05-16,1
a13,p342,2010-05-16,2
a5,p342,2010-05-16,3
a7,p342,2010-05-16,4
a9,p342,2010-05-16,5
a3,p342,2010-05-16,6
a18,p342,2010-05-16,7
a29,p342,2010-05-16,8
a14,p158,2010-05-19,1
a8,p158,2010-05-19,2
a31,p158,2010-05-19,3
a28,p158,2010-05-19,4
a25,p158,2010-05-19,5
a3,p158,2010-05-19,6
a5,p247,2010-05-22,1
a10,p247,2010-05-22,2
a16,p247,2010-05-22,3
a27,p247,2010-05-22,4
a1,p247,2010-05-22,5
a18,p247,2010-05-22,6
a7,p427,2010-05-23,1
a1,p354,2010-05-31,1
a9,p354,2010-05-31,2
a27,p354,2010-05-31,3
a23,p354,2010-05-31,4
a31,p354,2010-05-31,5
a10,p354,2010-05-31,6
a7,p354,2010-05-31,7
a18,p354,2010-05-31,8
a7,p233,2010-06-12,1
a14,p233,2010-06-12,2
a32,p233,2010-06-12,3
a6,p233,2010-06-12,4
a11,p295,2010-06-22,1
a9,p295,2010-06-22,2
a10,p295,2010-06-22,3
a13,p295,2010-06-22,4
a14,p295,2010-06-22,5
a32,p295,2010-06-22,6
a24,p295,2010-06-22,7
a9,p462,2010-06-22,1
a11,p34,2010-06-26,1
a1,p34,2010-06-26,2
a30,p34,2010-06-26,3
a7,p34,2010-06-26,4
a24,p290,2010-06-27,1
a1,p183,2010-07-04,1
a16,p183,2010-07-04,2
a24,p183,2010-07-04,3
a31,p183,2010-07-04,4
a30,p183,2010-07-04,5
a7,p183,2010-07-04,6
a13,p183,2010-07-04,7
a5,p356,2010-07-11,1
a24,p356,2010-07-11,2
a28,p356,2010-07-11,3
a32,p381,2010-07-13,1
a18,p381,2010-07-13,2
a10,p381,2010-07-13,3
a1,p381,2010-07-13,4
a7,p381,2010-07-13,5
a5,p381,2010-07-13,6
a31,p381,2010-07-13,7
a9,p381,2010-07-13,8
a8,p302,2010-07-23,1
a32,p302,2010-07-23,2
a26,p302,2010-07-23,3
a3,p302,2010-07-23,4
a18,p302,2010-07-23,5
a11,p302,2010-07-23,6
a32,p237,2010-07-24,1
a14,p237,2010-07-24,2
a21,p237,2010-07-24,3
a27,p237,2010-07-24,4
a3,p237,2010-07-24,5
a6,p237,2010-07-24,6
a12,p213,2010-08-03,1
a30,p213,2010-08-03,2
a14,p213,2010-08-03,3
a29,p213,2010-08-03,4
a15,p213,2010-08-03,5
a13,p213,2010-08-03,6
a10,p213,2010-08-03,7
a9,p213,2010-08-03,8
a18,p374,2010-08-24,1
a10,p374,2010-08-24,2
a3,p374,2010-08-24,3
a21,p374,2010-08-24,4
a23,p374,2010-08-24,5
a5,p374,2010-08-24,6
a7,p374,2010-08-24,7
a21,p133,2010-09-07,1
a9,p133,2010-09-07,2
a28,p235,2010-09-10,1
a8,p235,2010-09-10,2
a5,p235,2010-09-10,3
a32,p425,2010-09-15,1
a10,p425,2010-09-15,2
a9,p425,2010-09-15,3
a13,p425,2010-09-15,4
a31,p425,2010-09-15,5
a7,p425,2010-09-15,6
a13,p327,2010-09-19,1
a1,p327,2010-09-19,2
a23,p327,2010-09-19,3
a21,p327,2010-09-19,4
a28,p327,2010-09-19,5
a10,p327,2010-09-19,6
a5,p327,2010-09-19,7
a23,p127,2010-10-07,1
a30,p127,2010-10-07,2
a13,p127,2010-10-07,3
a16,p127,2010-10-07,4
a10,p127,2010-10-07,5
a11,p152,2010-10-16,1
a30,p152,2010-10-16,2
a3,p152,2010-10-16,3
a27,p152,2010-10-16,4
a5,p152,2010-10-16,5
a3,p272,2010-10-27,1
a29,p272,2010-10-27,2
a5,p272,2010-10-27,3
a32,p272,2010-10-27,4
a10,p272,2010-10-27,5
a28,p272,2010-10-27,6
a9,p453,2010-12-05,1
a25,p139,2010-12-08,1
a21,p139,2010-12-08,2
a5,p139,2010-12-08,3
a27,p139,2010-12-08,4
a23,p139,2010-12-08,5
a7,p377,2010-12-13,1
a29,p377,2010-12-13,2
a13,p377,2010-12-13,3
a23,p377,2010-12-13,4
a1,p377,2010-12-13,5
a5,p359,2010-12-15,1
a24,p359,2010-12-15,2
a23,p359,2010-12-15,3
a7,p359,2010-12-15,4
a28,p359,2010-12-15,5
a32,p359,2010-12-15,6
a31,p359,2010-12-15,7
a32,p428,2010-12-27,1
a10,p428,2010-12-27,2
a13,p428,2010-12-27,3
a31,p428,2010-12-27,4
a9,p428,2010-12-27,5
a16,p55,2011-01-01,1
a27,p55,2011-01-01,2
a9,p55,2011-01-01,3
a13,p55,2011-01-01,4
a7,p55,2011-01-01,5
a14,p55,2011-01-01,6
a29,p55,2011-01-01,7
a17,p88,2011-01-21,1
a31,p88,2011-01-21,2
a26,p88,2011-01-21,3
a25,p88,2011-01-21,4
a20,p88,2011-01-21,5
a21,p321,2011-01-24,1
a14,p321,2011-01-24,2
a23,p321,2011-01-24,3
a18,p321,2011-01-24,4
a3,p321,2011-01-24,5
a7,p163,2011-02-20,1
a10,p403,2011-02-21,1
a9,p403,2011-02-21,2
a11,p10,2011-02-23,1
a10,p10,2011-02-23,2
a31,p10,2011-02-23,3
a28,p10,2011-02-23,4
a16,p10,2011-02-23,5
a6,p215,2011-03-20,1
a12,p215,2011-03-20,2
a30,p215,2011-03-20,3
a3,p215,2011-03-20,4
a6,p4,2011-03-28,1
a10,p4,2011-03-28,2
a13,p4,2011-03-28,3
a21,p4,2011-03-28,4
a7,p22,2011-04-07,1
a20,p22,2011-04-07,2
a15,p22,2011-04-07,3
a3,p399,2011-04-08,1
a28,p399,2011-04-08,2
a31,p399,2011-04-08,3
a10,p64,2011-04-08,1
a20,p64,2011-04-08,2
a25,p9,2011-04-08,1
a20,p9,2011-04-08,2
a15,p9,2011-04-08,3
a19,p9,2011-04-08,4
a26,p9,2011-04-08,5
a17,p9,2011-04-08,6
a3,p316,2011-04-13,1
a14,p316,2011-04-13,2
a8,p316,2011-04-13,3
a3,p212,2011-04-14,1
a8,p212,2011-04-14,2
a32,p212,2011-04-14,3
a23,p212,2011-04-14,4
a21,p212,2011-04-14,5
a28,p212,2011-04-14,6
a15,p212,2011-04-14,7
a9,p441,2011-04-17,1
a31,p441,2011-04-17,2
a3,p120,2011-04-23,1
a21,p120,2011-04-23,2
a6,p120,2011-04-23,3
a8,p120,2011-04-23,4
a29,p120,2011-04-23,5
a12,p120,2011-04-23,6
a22,p60,2011-04-27,1
a10,p60,2011-04-27,2
a21,p60,2011-04-27,3
a19,p60,2011-04-27,4
a14,p60,2011-04-27,5
a7,p60,2011-04-27,6
a28,p60,2011-04-27,7
a23,p140,2011-04-30,1
a9,p140,2011-04-30,2
a31,p294,2011-05-10,1
a5,p294,2011-05-10,2
a5,p245,2011-05-11,1
a24,p225,2011-05-17,1
a10,p225,2011-05-17,2
a26,p225,2011-05-17,3
a18,p225,2011-05-17,4
a7,p225,2011-05-17,5
a11,p225,2011-05-17,6
a12,p225,2011-05-17,7
a28,p391,2011-06-07,1
a5,p153,2011-06-22,1
a31,p153,2011-06-22,2
a29,p153,2011-06-22,3
a18,p198,2011-06-24,1
a29,p198,2011-06-24,2
a15,p198,2011-06-24,3
a13,p416,2011-07-12,1
a29,p416,2011-07-12,2
a32,p416,2011-07-12,3
a32,p273,2011-07-19,1
a29,p273,2011-07-19,2
a9,p273,2011-07-19,3
a21,p273,2011-07-19,4
a16,p273,2011-07-19,5
a14,p273,2011-07-19,6
a30,p273,2011-07-19,7
a14,p220,2011-08-03,1
a12,p220,2011-08-03,2
a28,p220,2011-08-03,3
a1,p220,2011-08-03,4
a9,p220,2011-08-03,5
a6,p220,2011-08-03,6
a4,p52,2011-08-03,1
a12,p52,2011-08-03,2
a18,p52,2011-08-03,3
a25,p52,2011-08-03,4
a8,p52,2011-08-03,5
a11,p52,2011-08-03,6
a23,p319,2011-08-20,1
a30,p319,2011-08-20,2
a7,p319,2011-08-20,3
a21,p319,2011-08-20,4
a11,p319,2011-08-20,5
a5,p319,2011-08-20,6
a14,p188,2011-09-19,1
a21,p188,2011-09-19,2
a9,p188,2011-09-19,3
a31,p188,2011-09-19,4
a24,p188,2011-09-19,5
a16,p188,2011-09-19,6
a10,p91,2011-09-25,1
a27,p91,2011-09-25,2
a32,p430,2011-10-03,1
a18,p202,2011-10-19,1
a23,p202,2011-10-19,2
a21,p242,2011-10-19,1
a31,p136,2011-10-20,1
a20,p136,2011-10-20,2
a7,p136,2011-10-20,3
a25,p136,2011-10-20,4
a11,p136,2011-10-20,5
a3,p136,2011-10-20,6
a27,p136,2011-10-20,7
a32,p136,2011-10-20,8
a23,p361,2011-11-12,1
a5,p361,2011-11-12,2
a31,p361,2011-11-12,3
a32,p361,2011-11-12,4
a18,p361,2011-11-12,5
a28,p361,2011-11-12,6
a24,p147,2011-11-14,1
a3,p147,2011-11-14,2
a15,p147,2011-11-14,3
a29,p147,2011-11-14,4
a19,p147,2011-11-14,5
a16,p147,2011-11-14,6
a24,p210,2011-12-08,1
a12,p210,2011-12-08,2
a32,p376,2011-12-27,1
a10,p376,2011-12-27,2
a9,p376,2011-12-27,3
a5,p376,2011-12-27,4
a30,p85,2011-12-29,1
a5,p85,2011-12-29,2
a27,p85,2011-12-29,3
a1,p85,2011-12-29,4
a25,p85,2011-12-29,5
a3,p85,2011-12-29,6
a27,p199,2012-01-09,1
a5,p199,2012-01-09,2
a18,p199,2012-01-09,3
a21,p199,2012-01-09,4
a27,p195,2012-01-11,1
a29,p195,2012-01-11,2
a13,p195,2012-01-11,3
a4,p73,2012-01-19,1
a27,p73,2012-01-19,2
a15,p73,2012-01-19,3
a8,p73,2012-01-19,4
a30,p73,2012-01-19,5
a13,p73,2012-01-19,6
a28,p238,2012-01-21,1
a3,p238,2012-01-21,2
a5,p395,2012-01-24,1
a10,p395,2012-01-24,2
a13,p395,2012-01-24,3
a3,p395,2012-01-24,4
a23,p395,2012-01-24,5
a32,p266,2012-01-31,1
a31,p266,2012-01-31,2
a30,p266,2012-01-31,3
a9,p226,2012-02-04,1
a3,p226,2012-02-04,2
a13,p226,2012-02-04,3
a16,p226,2012-02-04,4
a11,p178,2012-02-15,1
a26,p178,2012-02-15,2
a8,p178,2012-02-15,3
a9,p464,2012-02-29,1
a26,p77,2012-03-28,1
a16,p77,2012-03-28,2
a29,p77,2012-03-28,3
a11,p77,2012-03-28,4
a28,p77,2012-03-28,5
a9,p77,2012-03-28,6
a4,p77,2012-03-28,7
a13,p77,2012-03-28,8
a25,p61,2012-04-07,1
a14,p61,2012-04-07,2
a16,p206,2012-04-10,1
a12,p206,2012-04-10,2
a7,p206,2012-04-10,3
a1,p206,2012-04-10,4
a31,p262,2012-04-19,1
a30,p262,2012-04-19,2
a6,p262,2012-04-19,3
a8,p262,2012-04-19,4
a1,p262,2012-04-19,5
a27,p262,2012-04-19,6
a16,p262,2012-04-19,7
a13,p170,2012-05-05,1
a2,p170,2012-05-05,2
a9,p170,2012-05-05,3
a5,p170,2012-05-05,4
a1,p170,2012-05-05,5
a21,p170,2012-05-05,6
a20,p170,2012-05-05,7
a7,p170,2012-05-05,8
a14,p67,2012-05-10,1
a16,p67,2012-05-10,2
a8,p67,2012-05-10,3
a9,p463,2012-05-15,1
a7,p303,2012-05-17,1
a30,p303,2012-05-17,2
a18,p303,2012-05-17,3
a28,p303,2012-05-17,4
a24,p303,2012-05-17,5
a31,p135,2012-05-22,1
a25,p135,2012-05-22,2
a19,p135,2012-05-22,3
a2,p14,2012-05-23,1
a30,p14,2012-05-23,2
a15,p14,2012-05-23,3
a26,p14,2012-05-23,4
a24,p14,2012-05-23,5
a14,p14,2012-05-23,6
a3,p345,2012-06-07,1
a7,p345,2012-06-07,2
a29,p345,2012-06-07,3
a14,p318,2012-06-22,1
a3,p318,2012-06-22,2
a11,p318,2012-06-22,3
a18,p318,2012-06-22,4
a32,p318,2012-06-22,5
a28,p318,2012-06-22,6
a1,p348,2012-06-27,1
a7,p348,2012-06-27,2
a27,p348,2012-06-27,3
a13,p348,2012-06-27,4
a32,p348,2012-06-27,5
a30,p179,2012-07-08,1
a28,p179,2012-07-08,2
a12,p179,2012-07-08,3
a14,p179,2012-07-08,4
a13,p410,2012-07-12,1
a3,p410,2012-07-12,2
a9,p410,2012-07-12,3
a28,p410,2012-07-12,4
a7,p410,2012-07-12,5
a14,p49,2012-07-29,1
a11,p49,2012-07-29,2
a19,p49,2012-07-29,3
a6,p49,2012-07-29,4
a10,p413,2012-07-30,1
a32,p38,2012-08-01,1
a3,p38,2012-08-01,2
a18,p38,2012-08-01,3
a24,p336,2012-08-10,1
a13,p336,2012-08-10,2
a27,p336,2012-08-10,3
a9,p336,2012-08-10,4
a26,p336,2012-08-10,5
a7,p336,2012-08-10,6
a5,p336,2012-08-10,7
a14,p336,2012-08-10,8
a6,p78,2012-09-01,1
a1,p78,2012-09-01,2
a18,p78,2012-09-01,3
a22,p78,2012-09-01,4
a7,p78,2012-09-01,5
a9,p78,2012-09-01,6
a26,p78,2012-09-01,7
a27,p78,2012-09-01,8
a31,p192,2012-09-05,1
a15,p192,2012-09-05,2
a9,p192,2012-09-05,3
a29,p192,2012-09-05,4
a27,p192,2012-09-05,5
a5,p192,2012-09-05,6
a7,p192,2012-09-05,7
a23,p259,2012-09-26,1
a10,p39,2012-09-27,1
a11,p39,2012-09-27,2
a28,p39,2012-09-27,3
a23,p39,2012-09-27,4
a1,p39,2012-09-27,5
a17,p39,2012-09-27,6
a18,p39,2012-09-27,7
a11,p229,2012-10-17,1
a13,p229,2012-10-17,2
a24,p229,2012-10-17,3
a28,p229,2012-10-17,4
a14,p119,2012-10-24,1
a1,p119,2012-10-24,2
a28,p119,2012-10-24,3
a13,p119,2012-10-24,4
a5,p119,2012-10-24,5
a16,p119,2012-10-24,6
a8,p119,2012-10-24,7
a3,p349,2012-10-25,1
a26,p349,2012-10-25,2
a8,p134,2012-11-18,1
a3,p134,2012-11-18,2
a7,p134,2012-11-18,3
a20,p134,2012-11-18,4
a25,p134,2012-11-18,5
a15,p134,2012-11-18,6
a2,p134,2012-11-18,7
a8,p246,2012-11-27,1
a3,p246,2012-11-27,2
a9,p246,2012-11-27,3
a1,p246,2012-11-27,4
a28,p246,2012-11-27,5
a23,p246,2012-11-27,6
a7,p205,2012-11-29,1
a3,p205,2012-11-29,2
a9,p355,2012-12-10,1
a1,p355,2012-12-10,2
a32,p355,2012-12-10,3
a7,p355,2012-12-10,4
a18,p355,2012-12-10,5
a13,p355,2012-12-10,6
a28,p355,2012-12-10,7
a27,p355,2012-12-10,8
a23,p365,2012-12-24,1
a23,p385,2012-12-30,1
a25,p124,2013-01-08,1
a26,p124,2013-01-08,2
a20,p124,2013-01-08,3
a12,p124,2013-01-08,4
a15,p124,2013-01-08,5
a27,p165,2013-01-11,1
a26,p165,2013-01-11,2
a6,p165,2013-01-11,3
a30,p165,2013-01-11,4
a23,p165,2013-01-11,5
a12,p165,2013-01-11,6
a29,p420,2013-01-11,1
a32,p420,2013-01-11,2
a10,p420,2013-01-11,3
a13,p420,2013-01-11,4
a31,p420,2013-01-11,5
a9,p420,2013-01-11,6
a13,p424,2013-01-17,1
a31,p424,2013-01-17,2
a32,p429,2013-01-30,1
a13,p429,2013-01-30,2
a15,p100,2013-02-01,1
a10,p100,2013-02-01,2
a31,p100,2013-02-01,3
a2,p100,2013-02-01,4
a14,p100,2013-02-01,5
a5,p100,2013-02-01,6
a13,p100,2013-02-01,7
a21,p332,2013-02-08,1
a5,p332,2013-02-08,2
a18,p332,2013-02-08,3
a23,p332,2013-02-08,4
a27,p332,2013-02-08,5
a10,p332,2013-02-08,6
a18,p284,2013-03-04,1
a23,p284,2013-03-04,2
a28,p284,2013-03-04,3
a7,p284,2013-03-04,4
a8,p284,2013-03-04,5
a8,p89,2013-03-05,1
a30,p89,2013-03-05,2
a7,p89,2013-03-05,3
a28,p269,2013-03-12,1
a16,p218,2013-03-21,1
a12,p218,2013-03-21,2
a24,p218,2013-03-21,3
a29,p218,2013-03-21,4
a5,p218,2013-03-21,5
a28,p218,2013-03-21,6
a3,p227,2013-03-26,1
a1,p227,2013-03-26,2
a16,p227,2013-03-26,3
a3,p383,2013-03-29,1
a9,p383,2013-03-29,2
a2,p68,2013-04-09,1
a6,p68,2013-04-09,2
a32,p68,2013-04-09,3
a24,p68,2013-04-09,4
a14,p68,2013-04-09,5
a30,p281,2013-06-19,1
a11,p281,2013-06-19,2
a3,p281,2013-06-19,3
a1,p281,2013-06-19,4
a6,p281,2013-06-19,5
a29,p281,2013-06-19,6
a27,p281,2013-06-19,7
a12,p86,2013-07-20,1
a15,p86,2013-07-20,2
a9,p190,2013-07-24,1
a3,p190,2013-07-24,2
a26,p190,2013-07-24,3
a18,p190,2013-07-24,4
a11,p190,2013-07-24,5
a10,p190,2013-07-24,6
a5,p190,2013-07-24,7
a3,p169,2013-07-25,1
a23,p169,2013-07-25,2
a14,p169,2013-07-25,3
a18,p169,2013-07-25,4
a8,p169,2013-07-25,5
a26,p169,2013-07-25,6
a11,p169,2013-07-25,7
a8,p92,2013-08-06,1
a13,p92,2013-08-06,2
a16,p92,2013-08-06,3
a11,p92,2013-08-06,4
a25,p92,2013-08-06,5
a9,p92,2013-08-06,6
a9,p465,2013-08-14,1
a29,p15,2013-09-18,1
a28,p15,2013-09-18,2
a13,p15,2013-09-18,3
a5,p15,2013-09-18,4
a23,p15,2013-09-18,5
a17,p15,2013-09-18,6
a4,p15,2013-09-18,7
a7,p15,2013-09-18,8
a2,p180,2013-09-18,1
a10,p180,2013-09-18,2
a30,p180,2013-09-18,3
a24,p180,2013-09-18,4
a10,p118,2013-09-22,1
a9,p461,2013-09-30,1
a22,p65,2013-10-16,1
a26,p200,2013-10-19,1
a21,p200,2013-10-19,2
a24,p200,2013-10-19,3
a9,p200,2013-10-19,4
a29,p200,2013-10-19,5
a14,p200,2013-10-19,6
a6,p200,2013-10-19,7
a30,p103,2013-10-21,1
a15,p103,2013-10-21,2
a8,p103,2013-10-21,3
a1,p103,2013-10-21,4
a12,p103,2013-10-21,5
a20,p103,2013-10-21,6
a25,p103,2013-10-21,7
a29,p103,2013-10-21,8
a3,p5,2013-11-05,1
a23,p5,2013-11-05,2
a18,p5,2013-11-05,3
a16,p5,2013-11-05,4
a32,p265,2013-11-10,1
a29,p265,2013-11-10,2
a31,p265,2013-11-10,3
a6,p265,2013-11-10,4
a18,p265,2013-11-10,5
a20,p102,2013-11-13,1
a21,p102,2013-11-13,2
a3,p249,2013-12-18,1
a10,p249,2013-12-18,2
a29,p249,2013-12-18,3
a26,p249,2013-12-18,4
a5,p249,2013-12-18,5
a27,p249,2013-12-18,6
a24,p366,2013-12-22,1
a27,p366,2013-12-22,2
a3,p366,2013-12-22,3
a28,p366,2013-12-22,4
a13,p433,2013-12-25,1
a32,p433,2013-12-25,2
a9,p433,2013-12-25,3
a10,p433,2013-12-25,4
a10,p387,2014-01-02,1
a13,p392,2014-01-03,1
a29,p392,2014-01-03,2
a10,p392,2014-01-03,3
a26,p114,2014-01-11,1
a27,p114,2014-01-11,2
a19,p114,2014-01-11,3
a2,p114,2014-01-11,4
a13,p114,2014-01-11,5
a15,p114,2014-01-11,6
a31,p114,2014-01-11,7
a7,p216,2014-01-14,1
a5,p216,2014-01-14,2
a3,p330,2014-01-15,1
a24,p330,2014-01-15,2
a11,p330,2014-01-15,3
a1,p330,2014-01-15,4
a29,p390,2014-01-20,1
a21,p16,2014-01-31,1
a1,p16,2014-01-31,2
a11,p16,2014-01-31,3
a32,p16,2014-01-31,4
a30,p16,2014-01-31,5
a7,p401,2014-02-02,1
a23,p401,2014-02-02,2
a29,p401,2014-02-02,3
a28,p401,2014-02-02,4
a32,p401,2014-02-02,5
a7,p341,2014-02-11,1
a26,p341,2014-02-11,2
a24,p341,2014-02-11,3
a31,p341,2014-02-11,4
a9,p457,2014-02-13,1
a29,p94,2014-03-02,1
a27,p94,2014-03-02,2
a22,p94,2014-03-02,3
a14,p94,2014-03-02,4
a30,p94,2014-03-02,5
a15,p94,2014-03-02,6
a11,p94,2014-03-02,7
a24,p94,2014-03-02,8
a2,p40,2014-03-07,1
a16,p40,2014-03-07,2
a31,p439,2014-03-07,1
a21,p221,2014-03-09,1
a28,p182,2014-04-07,1
a1,p182,2014-04-07,2
a14,p182,2014-04-07,3
a5,p362,2014-04-17,1
a27,p362,2014-04-17,2
a21,p362,2014-04-17,3
a28,p362,2014-04-17,4
a31,p362,2014-04-17,5
a9,p362,2014-04-17,6
a7,p362,2014-04-17,7
a7,p340,2014-04-24,1
a23,p340,2014-04-24,2
a32,p340,2014-04-24,3
a14,p340,2014-04-24,4
a31,p340,2014-04-24,5
a24,p340,2014-04-24,6
a9,p340,2014-04-24,7
a5,p208,2014-05-22,1
a26,p208,2014-05-22,2
a3,p193,2014-06-10,1
a29,p193,2014-06-10,2
a14,p193,2014-06-10,3
a27,p193,2014-06-10,4
a12,p193,2014-06-10,5
a32,p314,2014-06-28,1
a18,p314,2014-06-28,2
a24,p314,2014-06-28,3
a30,p314,2014-06-28,4
a3,p314,2014-06-28,5
a29,p309,2014-07-17,1
a6,p309,2014-07-17,2
a13,p309,2014-07-17,3
a7,p309,2014-07-17,4
a32,p309,2014-07-17,5
a23,p309,2014-07-17,6
a28,p309,2014-07-17,7
a9,p419,2014-08-08,1
a7,p419,2014-08-08,2
a31,p419,2014-08-08,3
a10,p419,2014-08-08,4
a32,p419,2014-08-08,5
a13,p419,2014-08-08,6
a29,p419,2014-08-08,7
a3,p347,2014-08-15,1
a7,p347,2014-08-15,2
a13,p347,2014-08-15,3
a28,p347,2014-08-15,4
a29,p360,2014-08-27,1
a9,p445,2014-08-31,1
a3,p393,2014-09-08,1
a23,p393,2014-09-08,2
a5,p393,2014-09-08,3
a28,p393,2014-09-08,4
a9,p393,2014-09-08,5
a21,p393,2014-09-08,6
a26,p285,2014-09-17,1
a5,p285,2014-09-17,2
a23,p285,2014-09-17,3
a30,p301,2014-09-27,1
a28,p301,2014-09-27,2
a7,p301,2014-09-27,3
a23,p301,2014-09-27,4
a15,p185,2014-10-10,1
a1,p185,2014-10-10,2
a24,p185,2014-10-10,3
a10,p185,2014-10-10,4
a23,p185,2014-10-10,5
a29,p306,2014-10-21,1
a6,p306,2014-10-21,2
a1,p306,2014-10-21,3
a11,p306,2014-10-21,4
a9,p306,2014-10-21,5
a14,p306,2014-10-21,6
a28,p306,2014-10-21,7
a32,p306,2014-10-21,8
a19,p142,2014-10-22,1
a32,p142,2014-10-22,2
a10,p142,2014-10-22,3
a9,p142,2014-10-22,4
a18,p142,2014-10-22,5
a18,p326,2014-10-23,1
a31,p326,2014-10-23,2
a23,p326,2014-10-23,3
a24,p326,2014-10-23,4
a31,p130,2014-10-26,1
a9,p130,2014-10-26,2
a5,p394,2014-10-27,1
a28,p394,2014-10-27,2
a23,p394,2014-10-27,3
a9,p394,2014-10-27,4
a7,p394,2014-10-27,5
a10,p436,2014-11-10,1
a13,p436,2014-11-10,2
a31,p436,2014-11-10,3
a9,p436,2014-11-10,4
a16,p20,2014-11-20,1
a17,p20,2014-11-20,2
a8,p300,2014-12-10,1
a27,p300,2014-12-10,2
a26,p300,2014-12-10,3
a1,p300,2014-12-10,4
a1,p243,2014-12-24,1
a10,p243,2014-12-24,2
a18,p243,2014-12-24,3
a9,p243,2014-12-24,4
a26,p243,2014-12-24,5
a28,p243,2014-12-24,6
a29,p343,2014-12-24,1
a1,p343,2014-12-24,2
a10,p343,2014-12-24,3
a31,p343,2014-12-24,4
a27,p343,2014-12-24,5
a23,p343,2014-12-24,6
a24,p343,2014-12-24,7
a28,p343,2014-12-24,8
a22,p76,2015-01-02,1
a25,p76,2015-01-02,2
a1,p76,2015-01-02,3
a14,p76,2015-01-02,4
a24,p76,2015-01-02,5
a15,p24,2015-01-13,1
a26,p24,2015-01-13,2
a31,p24,2015-01-13,3
a23,p24,2015-01-13,4
a11,p234,2015-01-14,1
a8,p234,2015-01-14,2
a5,p234,2015-01-14,3
a3,p234,2015-01-14,4
a7,p251,2015-01-26,1
a23,p251,2015-01-26,2
a18,p251,2015-01-26,3
a21,p251,2015-01-26,4
a9,p214,2015-02-04,1
a5,p214,2015-02-04,2
a30,p214,2015-02-04,3
a24,p214,2015-02-04,4
a31,p214,2015-02-04,5
a24,p30,2015-02-21,1
a7,p30,2015-02-21,2
a1,p30,2015-02-21,3
a32,p30,2015-02-21,4
a28,p30,2015-02-21,5
a27,p270,2015-02-24,1
a5,p270,2015-02-24,2
a6,p270,2015-02-24,3
a9,p386,2015-03-28,1
a7,p386,2015-03-28,2
a28,p386,2015-03-28,3
a12,p44,2015-04-12,1
a17,p44,2015-04-12,2
a3,p344,2015-04-18,1
a31,p344,2015-04-18,2
a13,p344,2015-04-18,3
a1,p344,2015-04-18,4
a9,p344,2015-04-18,5
a10,p344,2015-04-18,6
a5,p174,2015-05-12,1
a15,p174,2015-05-12,2
a6,p174,2015-05-12,3
a12,p17,2015-05-24,1
a30,p17,2015-05-24,2
a20,p17,2015-05-24,3
a19,p17,2015-05-24,4
a16,p7,2015-05-29,1
a31,p7,2015-05-29,2
a29,p7,2015-05-29,3
a27,p7,2015-05-29,4
a21,p7,2015-05-29,5
a11,p7,2015-05-29,6
a16,p186,2015-05-30,1
a27,p186,2015-05-30,2
a24,p186,2015-05-30,3
a24,p278,2015-06-10,1
a1,p278,2015-06-10,2
a14,p278,2015-06-10,3
a16,p278,2015-06-10,4
a8,p278,2015-06-10,5
a23,p379,2015-07-04,1
a32,p379,2015-07-04,2
a18,p357,2015-07-23,1
a23,p357,2015-07-23,2
a29,p357,2015-07-23,3
a21,p357,2015-07-23,4
a10,p357,2015-07-23,5
a5,p357,2015-07-23,6
a32,p357,2015-07-23,7
a31,p357,2015-07-23,8
a6,p171,2015-08-01,1
a3,p171,2015-08-01,2
a14,p171,2015-08-01,3
a16,p171,2015-08-01,4
a20,p171,2015-08-01,5
a15,p171,2015-08-01,6
a12,p171,2015-08-01,7
a23,p367,2015-08-06,1
a27,p143,2015-08-17,1
a16,p143,2015-08-17,2
a8,p143,2015-08-17,3
a24,p143,2015-08-17,4
a3,p143,2015-08-17,5
a5,p143,2015-08-17,6
a18,p219,2015-08-20,1
a13,p219,2015-08-20,2
a32,p70,2015-08-26,1
a18,p70,2015-08-26,2
a13,p382,2015-08-29,1
a7,p382,2015-08-29,2
a32,p382,2015-08-29,3
a1,p382,2015-08-29,4
a28,p382,2015-08-29,5
a8,p125,2015-09-24,1
a11,p125,2015-09-24,2
a16,p125,2015-09-24,3
a29,p125,2015-09-24,4
a2,p125,2015-09-24,5
a32,p125,2015-09-24,6
a9,p421,2015-09-24,1
a23,p230,2015-10-08,1
a1,p230,2015-10-08,2
a27,p276,2015-10-12,1
a7,p276,2015-10-12,2
a5,p276,2015-10-12,3
a16,p276,2015-10-12,4
a26,p81,2015-10-18,1
a31,p81,2015-10-18,2
a7,p81,2015-10-18,3
a10,p282,2015-10-24,1
a9,p282,2015-10-24,2
a27,p282,2015-10-24,3
a1,p129,2015-10-25,1
a10,p129,2015-10-25,2
a11,p129,2015-10-25,3
a7,p129,2015-10-25,4
a24,p129,2015-10-25,5
a23,p129,2015-10-25,6
a29,p129,2015-10-25,7
a3,p168,2015-10-26,1
a26,p168,2015-10-26,2
a16,p168,2015-10-26,3
a20,p168,2015-10-26,4
a7,p168,2015-10-26,5
a27,p115,2015-11-14,1
a31,p115,2015-11-14,2
a6,p298,2015-11-28,1
a3,p298,2015-11-28,2
a1,p346,2015-12-02,1
a5,p346,2015-12-02,2
a21,p346,2015-12-02,3
a10,p346,2015-12-02,4
a18,p346,2015-12-02,5
a3,p346,2015-12-02,6
a30,p308,2015-12-12,1
a21,p308,2015-12-12,2
a5,p308,2015-12-12,3
a18,p308,2015-12-12,4
a23,p308,2015-12-12,5
a14,p308,2015-12-12,6
a9,p308,2015-12-12,7
a26,p308,2015-12-12,8
a24,p329,2016-01-08,1
a13,p329,2016-01-08,2
a21,p329,2016-01-08,3
a27,p329,2016-01-08,4
a14,p329,2016-01-08,5
a5,p329,2016-01-08,6
a10,p329,2016-01-08,7
a21,p396,2016-02-02,1
a14,p80,2016-02-06,1
a7,p80,2016-02-06,2
a19,p80,2016-02-06,3
a13,p80,2016-02-06,4
a28,p48,2016-02-09,1
a18,p48,2016-02-09,2
a7,p48,2016-02-09,3
a12,p48,2016-02-09,4
a25,p48,2016-02-09,5
a13,p48,2016-02-09,6
a26,p48,2016-02-09,7
a9,p48,2016-02-09,8
a29,p194,2016-02-11,1
a29,p398,2016-02-18,1
a3,p398,2016-02-18,2
a7,p398,2016-02-18,3
a15,p58,2016-02-19,1
a9,p58,2016-02-19,2
a8,p58,2016-02-19,3
a28,p58,2016-02-19,4
a25,p58,2016-02-19,5
a19,p58,2016-02-19,6
a29,p58,2016-02-19,7
a3,p58,2016-02-19,8
a9,p447,2016-03-06,1
a3,p315,2016-03-12,1
a18,p74,2016-03-21,1
a25,p74,2016-03-21,2
a28,p74,2016-03-21,3
a24,p74,2016-03-21,4
a21,p74,2016-03-21,5
a13,p74,2016-03-21,6
a26,p74,2016-03-21,7
a9,p446,2016-04-01,1
a13,p317,2016-04-18,1
a31,p317,2016-04-18,2
a10,p317,2016-04-18,3
a28,p317,2016-04-18,4
a21,p317,2016-04-18,5
a11,p317,2016-04-18,6
a7,p405,2016-05-05,1
a9,p405,2016-05-05,2
a3,p405,2016-05-05,3
a10,p405,2016-05-05,4
a21,p405,2016-05-05,5
a31,p405,2016-05-05,6
a28,p405,2016-05-05,7
a28,p291,2016-05-06,1
a32,p291,2016-05-06,2
a6,p275,2016-05-21,1
a1,p275,2016-05-21,2
a13,p275,2016-05-21,3
a16,p275,2016-05-21,4
a7,p275,2016-05-21,5
a29,p275,2016-05-21,6
a8,p275,2016-05-21,7
a3,p275,2016-05-21,8
a7,p148,2016-05-24,1
a23,p148,2016-05-24,2
a8,p148,2016-05-24,3
a27,p148,2016-05-24,4
a12,p148,2016-05-24,5
a24,p148,2016-05-24,6
a26,p148,2016-05-24,7
a31,p148,2016-05-24,8
a25,p98,2016-06-17,1
a11,p98,2016-06-17,2
a18,p98,2016-06-17,3
a13,p418,2016-07-18,1
a28,p418,2016-07-18,2
a7,p141,2016-08-13,1
a32,p141,2016-08-13,2
a2,p141,2016-08-13,3
a25,p141,2016-08-13,4
a27,p141,2016-08-13,5
a23,p141,2016-08-13,6
a28,p141,2016-08-13,7
a21,p141,2016-08-13,8
a21,p353,2016-08-17,1
a28,p353,2016-08-17,2
a27,p353,2016-08-17,3
a13,p353,2016-08-17,4
a29,p353,2016-08-17,5
a5,p353,2016-08-17,6
a10,p353,2016-08-17,7
a1,p364,2016-08-18,1
a31,p364,2016-08-18,2
a29,p364,2016-08-18,3
a9,p448,2016-08-28,1
a11,p239,2016-09-08,1
a27,p239,2016-09-08,2
a28,p239,2016-09-08,3
a1,p239,2016-09-08,4
a32,p239,2016-09-08,5
a1,p248,2016-09-20,1
a5,p131,2016-09-27,1
a28,p131,2016-09-27,2
a15,p18,2016-11-01,1
a21,p18,2016-11-01,2
a11,p18,2016-11-01,3
a8,p18,2016-11-01,4
a13,p18,2016-11-01,5
a30,p18,2016-11-01,6
a14,p18,2016-11-01,7
a10,p150,2016-11-06,1
a6,p150,2016-11-06,2
a25,p150,2016-11-06,3
a15,p150,2016-11-06,4
a19,p150,2016-11-06,5
a10,p323,2016-11-10,1
a13,p323,2016-11-10,2
a6,p189,2016-11-13,1
a14,p189,2016-11-13,2
a29,p189,2016-11-13,3
a1,p189,2016-11-13,4
a16,p189,2016-11-13,5
a9,p458,2016-11-28,1
a27,p46,2016-11-29,1
a15,p46,2016-11-29,2
a13,p46,2016-11-29,3
a14,p46,2016-11-29,4
a20,p46,2016-11-29,5
a10,p255,2016-12-22,1
a5,p255,2016-12-22,2
a14,p255,2016-12-22,3
a32,p255,2016-12-22,4
a19,p145,2016-12-26,1
a2,p145,2016-12-26,2
a7,p145,2016-12-26,3
a15,p145,2016-12-26,4
a25,p145,2016-12-26,5
a12,p145,2016-12-26,6
a3,p45,2016-12-27,1
a29,p45,2016-12-27,2
a21,p45,2016-12-27,3
a20,p45,2016-12-27,4
a22,p45,2016-12-27,5
a31,p45,2016-12-27,6
a10,p95,2017-01-07,1
a16,p95,2017-01-07,2
a14,p95,2017-01-07,3
a31,p411,2017-01-15,1
a7,p411,2017-01-15,2
a13,p411,2017-01-15,3
a28,p411,2017-01-15,4
a9,p126,2017-01-26,1
a26,p126,2017-01-26,2
a6,p126,2017-01-26,3
a15,p126,2017-01-26,4
a24,p126,2017-01-26,5
a11,p293,2017-01-29,1
a10,p435,2017-02-03,1
a31,p435,2017-02-03,2
a32,p435,2017-02-03,3
a7,p334,2017-02-04,1
a29,p57,2017-02-14,1
a17,p57,2017-02-14,2
a32,p57,2017-02-14,3
a3,p107,2017-02-16,1
a15,p107,2017-02-16,2
a13,p121,2017-02-28,1
a13,p274,2017-03-14,1
a23,p274,2017-03-14,2
a16,p274,2017-03-14,3
a5,p274,2017-03-14,4
a28,p274,2017-03-14,5
a21,p274,2017-03-14,6
a29,p274,2017-03-14,7
a9,p289,2017-03-14,1
a27,p289,2017-03-14,2
a16,p69,2017-03-20,1
a21,p69,2017-03-20,2
a20,p32,2017-04-30,1
a8,p32,2017-04-30,2
a23,p277,2017-05-09,1
a16,p277,2017-05-09,2
a32,p277,2017-05-09,3
a8,p277,2017-05-09,4
a10,p211,2017-05-19,1
a27,p211,2017-05-19,2
a21,p211,2017-05-19,3
a5,p211,2017-05-19,4
a9,p454,2017-05-19,1
a7,p422,2017-05-21,1
a32,p422,2017-05-21,2
a10,p422,2017-05-21,3
a31,p422,2017-05-21,4
a9,p422,2017-05-21,5
a13,p422,2017-05-21,6
a18,p371,2017-05-30,1
a10,p371,2017-05-30,2
a31,p371,2017-05-30,3
a9,p371,2017-05-30,4
a28,p371,2017-05-30,5
a7,p371,2017-05-30,6
a3,p371,2017-05-30,7
a15,p97,2017-06-11,1
a23,p97,2017-06-11,2
a11,p97,2017-06-11,3
a6,p97,2017-06-11,4
a28,p97,2017-06-11,5
a8,p97,2017-06-11,6
a5,p97,2017-06-11,7
a9,p467,2017-06-26,1
a14,p232,2017-07-08,1
a23,p232,2017-07-08,2
a1,p232,2017-07-08,3
a5,p232,2017-07-08,4
a24,p232,2017-07-08,5
a31,p232,2017-07-08,6
a18,p232,2017-07-08,7
a30,p232,2017-07-08,8
a31,p99,2017-07-09,1
a8,p26,2017-07-10,1
a3,p26,2017-07-10,2
a16,p26,2017-07-10,3
a1,p313,2017-07-16,1
a32,p313,2017-07-16,2
a28,p313,2017-07-16,3
a5,p313,2017-07-16,4
a30,p313,2017-07-16,5
a21,p313,2017-07-16,6
a3,p313,2017-07-16,7
a23,p313,2017-07-16,8
a10,p260,2017-07-23,1
a32,p260,2017-07-23,2
a24,p260,2017-07-23,3
a18,p260,2017-07-23,4
a14,p260,2017-07-23,5
a15,p132,2017-08-09,1
a13,p132,2017-08-09,2
a26,p132,2017-08-09,3
a30,p132,2017-08-09,4
a6,p132,2017-08-09,5
a32,p132,2017-08-09,6
a7,p423,2017-08-12,1
a31,p423,2017-08-12,2
a9,p423,2017-08-12,3
a9,p53,2017-08-23,1
a22,p53,2017-08-23,2
a20,p53,2017-08-23,3
a1,p53,2017-08-23,4
a18,p53,2017-08-23,5
a13,p402,2017-08-29,1
a21,p207,2017-08-31,1
a16,p207,2017-08-31,2
a31,p207,2017-08-31,3
a11,p207,2017-08-31,4
a12,p207,2017-08-31,5
a8,p207,2017-08-31,6
a14,p128,2017-09-26,1
a9,p128,2017-09-26,2
a31,p407,2017-10-07,1
a10,p407,2017-10-07,2
a9,p455,2017-10-09,1
a14,p138,2017-10-11,1
a25,p138,2017-10-11,2
a10,p138,2017-10-11,3
a18,p138,2017-10-11,4
a23,p138,2017-10-11,5
a32,p138,2017-10-11,6
a11,p138,2017-10-11,7
a1,p37,2017-10-11,1
a10,p6,2017-11-19,1
a5,p6,2017-11-19,2
a1,p6,2017-11-19,3
a24,p222,2017-11-27,1
a31,p222,2017-11-27,2
a3,p177,2017-11-29,1
a1,p177,2017-11-29,2
a23,p177,2017-11-29,3
a15,p177,2017-11-29,4
a12,p177,2017-11-29,5
a29,p177,2017-11-29,6
a8,p177,2017-11-29,7
a11,p112,2017-12-28,1
a1,p112,2017-12-28,2
a3,p112,2017-12-28,3
a28,p112,2017-12-28,4
a18,p112,2017-12-28,5
a12,p112,2017-12-28,6
a30,p112,2017-12-28,7
a13,p187,2017-12-28,1
a28,p378,2018-01-17,1
a7,p378,2018-01-17,2
a27,p217,2018-01-26,1
a9,p217,2018-01-26,2
a12,p217,2018-01-26,3
a8,p217,2018-01-26,4
a7,p217,2018-01-26,5
a13,p217,2018-01-26,6
a16,p217,2018-01-26,7
a30,p217,2018-01-26,8
a32,p406,2018-02-03,1
a31,p406,2018-02-03,2
a3,p406,2018-02-03,3
a10,p406,2018-02-03,4
a24,p279,2018-02-25,1
a31,p279,2018-02-25,2
a16,p279,2018-02-25,3
a23,p279,2018-02-25,4
a9,p279,2018-02-25,5
a18,p279,2018-02-25,6
a21,p279,2018-02-25,7
a23,p320,2018-02-27,1
a7,p320,2018-02-27,2
a14,p320,2018-02-27,3
a26,p320,2018-02-27,4
a32,p320,2018-02-27,5
a10,p320,2018-02-27,6
a30,p320,2018-02-27,7
a3,p191,2018-03-01,1
a14,p191,2018-03-01,2
a29,p191,2018-03-01,3
a21,p191,2018-03-01,4
a11,p191,2018-03-01,5
a15,p63,2018-03-19,1
a27,p63,2018-03-19,2
a17,p63,2018-03-19,3
a10,p63,2018-03-19,4
a22,p63,2018-03-19,5
a14,p63,2018-03-19,6
a16,p63,2018-03-19,7
a9,p35,2018-03-29,1
a20,p157,2018-04-07,1
a27,p157,2018-04-07,2
a6,p157,2018-04-07,3
a7,p157,2018-04-07,4
a1,p157,2018-04-07,5
a11,p157,2018-04-07,6
a9,p451,2018-04-10,1
a6,p144,2018-04-23,1
a19,p144,2018-04-23,2
a26,p41,2018-04-24,1
a12,p41,2018-04-24,2
a19,p41,2018-04-24,3
a7,p339,2018-05-03,1
a1,p339,2018-05-03,2
a32,p331,2018-05-05,1
a31,p331,2018-05-05,2
a23,p331,2018-05-05,3
a5,p331,2018-05-05,4
a26,p254,2018-05-14,1
a24,p254,2018-05-14,2
a32,p404,2018-05-14,1
a3,p397,2018-05-16,1
a9,p444,2018-05-26,1
a14,p209,2018-06-14,1
a16,p209,2018-06-14,2
a7,p209,2018-06-14,3
a5,p244,2018-06-20,1
a9,p244,2018-06-20,2
a26,p244,2018-06-20,3
a32,p244,2018-06-20,4
a23,p244,2018-06-20,5
a24,p244,2018-06-20,6
a22,p47,2018-06-29,1
a3,p373,2018-06-30,1
a32,p373,2018-06-30,2
a1,p373,2018-06-30,3
a21,p373,2018-06-30,4
a9,p373,2018-06-30,5
a29,p373,2018-06-30,6
a7,p373,2018-06-30,7
a32,p258,2018-07-19,1
a13,p258,2018-07-19,2
a5,p333,2018-07-20,1
a1,p155,2018-07-26,1
a23,p155,2018-07-26,2
a15,p155,2018-07-26,3
a8,p155,2018-07-26,4
a18,p375,2018-07-31,1
a3,p172,2018-08-04,1
a15,p172,2018-08-04,2
a13,p172,2018-08-04,3
a29,p172,2018-08-04,4
a1,p172,2018-08-04,5
a11,p108,2018-08-19,1
a8,p173,2018-09-03,1
a10,p173,2018-09-03,2
a11,p173,2018-09-03,3
a31,p173,2018-09-03,4
a28,p173,2018-09-03,5
a18,p137,2018-09-22,1
a27,p137,2018-09-22,2
a2,p137,2018-09-22,3
a5,p137,2018-09-22,4
a29,p137,2018-09-22,5
a24,p137,2018-09-22,6
a20,p137,2018-09-22,7
a14,p287,2018-11-06,1
a30,p287,2018-11-06,2
a9,p287,2018-11-06,3
a10,p287,2018-11-06,4
a6,p50,2018-11-22,1
a12,p50,2018-11-22,2
a18,p50,2018-11-22,3
a1,p50,2018-11-22,4
a5,p50,2018-11-22,5
a10,p50,2018-11-22,6
a16,p50,2018-11-22,7
a3,p166,2018-11-25,1
a31,p166,2018-11-25,2
a9,p166,2018-11-25,3
a2,p166,2018-11-25,4
a16,p166,2018-11-25,5
a3,p151,2018-11-27,1
a18,p151,2018-11-27,2
a5,p409,2018-12-20,1
a28,p409,2018-12-20,2
a13,p409,2018-12-20,3
a32,p409,2018-12-20,4
a7,p409,2018-12-20,5
a10,p409,2018-12-20,6
a9,p409,2018-12-20,7
a10,p90,2019-01-06,1
a1,p90,2019-01-06,2
a31,p90,2019-01-06,3
a32,p3,2019-01-24,1
a4,p3,2019-01-24,2
a9,p3,2019-01-24,3
a28,p3,2019-01-24,4
a17,p3,2019-01-24,5
a6,p3,2019-01-24,6
a14,p3,2019-01-24,7
a21,p324,2019-02-20,1
a7,p324,2019-02-20,2
a27,p324,2019-02-20,3
a12,p62,2019-03-27,1
a19,p62,2019-03-27,2
a24,p62,2019-03-27,3
a1,p62,2019-03-27,4
a12,p29,2019-04-06,1
a31,p443,2019-04-11,1
a9,p443,2019-04-11,2
a10,p350,2019-04-21,1
a7,p350,2019-04-21,2
a28,p350,2019-04-21,3
a27,p350,2019-04-21,4
a18,p350,2019-04-21,5
a5,p350,2019-04-21,6
a1,p350,2019-04-21,7
a24,p350,2019-04-21,8
a28,p162,2019-05-23,1
a15,p162,2019-05-23,2
a32,p162,2019-05-23,3
a30,p162,2019-05-23,4
a5,p162,2019-05-23,5
a13,p159,2019-05-27,1
a23,p159,2019-05-27,2
a7,p159,2019-05-27,3
a8,p159,2019-05-27,4
a26,p159,2019-05-27,5
a16,p159,2019-05-27,6
a6,p159,2019-05-27,7
a11,p159,2019-05-27,8
a31,p358,2019-05-31,1
a27,p358,2019-05-31,2
a10,p358,2019-05-31,3
a29,p358,2019-05-31,4
a9,p358,2019-05-31,5
a28,p335,2019-06-02,1
a3,p335,2019-06-02,2
a27,p335,2019-06-02,3
a18,p335,2019-06-02,4
a32,p335,2019-06-02,5
a24,p335,2019-06-02,6
a29,p335,2019-06-02,7
a7,p335,2019-06-02,8
a1,p297,2019-06-07,1
a9,p297,2019-06-07,2
a10,p297,2019-06-07,3
a28,p297,2019-06-07,4
a21,p297,2019-06-07,5
a23,p297,2019-06-07,6
a7,p297,2019-06-07,7
a9,p456,2019-06-09,1
a32,p310,2019-06-15,1
a8,p310,2019-06-15,2
a13,p310,2019-06-15,3
a28,p310,2019-06-15,4
a26,p310,2019-06-15,5
a6,p310,2019-06-15,6
a23,p310,2019-06-15,7
a18,p310,2019-06-15,8
a23,p240,2019-06-23,1
a8,p240,2019-06-23,2
a21,p240,2019-06-23,3
a32,p388,2019-06-25,1
a3,p388,2019-06-25,2
a24,p311,2019-06-26,1
a7,p311,2019-06-26,2
a28,p311,2019-06-26,3
a1,p311,2019-06-26,4
a7,p271,2019-08-08,1
a21,p271,2019-08-08,2
a8,p271,2019-08-08,3
a14,p271,2019-08-08,4
a24,p271,2019-08-08,5
a5,p271,2019-08-08,6
a1,p271,2019-08-08,7
a13,p271,2019-08-08,8
a14,p110,2019-08-14,1
a18,p110,2019-08-14,2
a8,p110,2019-08-14,3
a9,p110,2019-08-14,4
a6,p110,2019-08-14,5
a7,p110,2019-08-14,6
a16,p110,2019-08-14,7
a25,p110,2019-08-14,8
a6,p228,2019-09-08,1
a28,p228,2019-09-08,2
a23,p228,2019-09-08,3
a29,p312,2019-09-12,1
a5,p380,2019-09-12,1
a28,p380,2019-09-12,2
a23,p370,2019-10-05,1
a10,p370,2019-10-05,2
a18,p71,2019-10-20,1
a32,p71,2019-10-20,2
a6,p71,2019-10-20,3
a2,p71,2019-10-20,4
a26,p71,2019-10-20,5
a13,p368,2019-11-21,1
a18,p368,2019-11-21,2
a24,p368,2019-11-21,3
a29,p368,2019-11-21,4
a32,p426,2019-11-22,1
a7,p426,2019-11-22,2
a10,p426,2019-11-22,3
a13,p176,2019-11-25,1
a14,p176,2019-11-25,2
a31,p431,2019-12-12,1
a28,p415,2020-01-03,1
a9,p116,2020-01-04,1
a32,p116,2020-01-04,2
a20,p116,2020-01-04,3
a32,p223,2020-01-28,1
a12,p223,2020-01-28,2
a18,p292,2020-02-01,1
a11,p292,2020-02-01,2
a7,p292,2020-02-01,3
a3,p292,2020-02-01,4
a7,p42,2020-02-05,1
a26,p42,2020-02-05,2
a21,p42,2020-02-05,3
a10,p42,2020-02-05,4
a11,p42,2020-02-05,5
a30,p42,2020-02-05,6
a12,p42,2020-02-05,7
a28,p253,2020-02-07,1
a30,p253,2020-02-07,2
a32,p109,2020-02-09,1
a24,p109,2020-02-09,2
a5,p109,2020-02-09,3
a6,p109,2020-02-09,4
a18,p109,2020-02-09,5
a12,p109,2020-02-09,6
a14,p109,2020-02-09,7
a30,p109,2020-02-09,8
a31,p437,2020-02-13,1
a28,p296,2020-02-22,1
a26,p241,2020-03-09,1
a23,p241,2020-03-09,2
a10,p241,2020-03-09,3
a3,p241,2020-03-09,4
a9,p417,2020-03-12,1
a7,p417,2020-03-12,2
a13,p417,2020-03-12,3
a29,p417,2020-03-12,4
a32,p417,2020-03-12,5
a31,p417,2020-03-12,6
a10,p417,2020-03-12,7
a11,p117,2020-03-22,1
a10,p117,2020-03-22,2
a5,p117,2020-03-22,3
a20,p117,2020-03-22,4
a9,p117,2020-03-22,5
a25,p117,2020-03-22,6
a15,p117,2020-03-22,7
a6,p117,2020-03-22,8
a10,p27,2020-03-23,1
a11,p27,2020-03-23,2
a18,p27,2020-03-23,3
a25,p27,2020-03-23,4
a32,p372,2020-03-30,1
a18,p372,2020-03-30,2
a5,p372,2020-03-30,3
a31,p372,2020-03-30,4
a21,p372,2020-03-30,5
a28,p372,2020-03-30,6
a1,p372,2020-03-30,7
a7,p372,2020-03-30,8
a31,p146,2020-04-09,1
a29,p146,2020-04-09,2
a15,p146,2020-04-09,3
a12,p146,2020-04-09,4
a1,p146,2020-04-09,5
a21,p146,2020-04-09,6
a19,p21,2020-04-13,1
a5,p21,2020-04-13,2
a3,p21,2020-04-13,3
a11,p21,2020-04-13,4
a27,p21,2020-04-13,5
a15,p21,2020-04-13,6
a1,p21,2020-04-13,7
a7,p51,2020-05-18,1
a15,p51,2020-05-18,2
a14,p51,2020-05-18,3
a26,p51,2020-05-18,4
a29,p328,2020-05-26,1
a28,p328,2020-05-26,2
a18,p328,2020-05-26,3
a26,p328,2020-05-26,4
a1,p328,2020-05-26,5
a11,p283,2020-06-01,1
a5,p283,2020-06-01,2
a27,p283,2020-06-01,3
a3,p283,2020-06-01,4
a29,p283,2020-06-01,5
a32,p283,2020-06-01,6
a6,p283,2020-06-01,7
a8,p283,2020-06-01,8
a27,p31,2020-07-01,1
a17,p31,2020-07-01,2
a24,p31,2020-07-01,3
a19,p31,2020-07-01,4
a28,p31,2020-07-01,5
a11,p31,2020-07-01,6
a12,p31,2020-07-01,7
a10,p31,2020-07-01,8
a3,p79,2020-07-10,1
a5,p79,2020-07-10,2
a2,p79,2020-07-10,3
a10,p79,2020-07-10,4
a18,p79,2020-07-10,5
a20,p79,2020-07-10,6
a22,p79,2020-07-10,7
a28,p307,2020-07-21,1
a23,p307,2020-07-21,2
a13,p307,2020-07-21,3
a30,p307,2020-07-21,4
a11,p307,2020-07-21,5
a23,p352,2020-07-24,1
a9,p412,2020-07-24,1
a28,p154,2020-07-30,1
a10,p154,2020-07-30,2
a16,p154,2020-07-30,3
a11,p154,2020-07-30,4
a18,p154,2020-07-30,5
a2,p101,2020-08-05,1
a31,p101,2020-08-05,2
a25,p101,2020-08-05,3
a9,p452,2020-08-14,1
a11,p54,2020-09-01,1
a24,p54,2020-09-01,2
a6,p54,2020-09-01,3
a5,p261,2020-09-14,1
a8,p123,2020-10-05,1
a2,p123,2020-10-05,2
a10,p123,2020-10-05,3
a5,p123,2020-10-05,4
a27,p123,2020-10-05,5
a21,p123,2020-10-05,6
a11,p123,2020-10-05,7
a9,p440,2020-10-14,1
a31,p440,2020-10-14,2
a3,p322,2020-10-28,1
a13,p322,2020-10-28,2
a11,p236,2020-10-30,1
a27,p257,2020-11-24,1
a7,p257,2020-11-24,2
a26,p257,2020-11-24,3
a10,p257,2020-11-24,4
a3,p257,2020-11-24,5
a16,p257,2020-11-24,6
a9,p466,2020-12-24,1
a7,p224,2021-01-01,1
a22,p72,2021-01-03,1
a5,p72,2021-01-03,2
a23,p111,2021-01-11,1
a12,p111,2021-01-11,2
a15,p111,2021-01-11,3
a20,p111,2021-01-11,4
a32,p196,2021-01-14,1
a3,p8,2021-01-14,1
a5,p204,2021-01-23,1
a3,p204,2021-01-23,2
a11,p1,2021-02-12,1
a10,p1,2021-02-12,2
a18,p1,2021-02-12,3
a29,p1,2021-02-12,4
a10,p432,2021-02-15,1
a9,p432,2021-02-15,2
a1,p263,2021-02-23,1
a23,p263,2021-02-23,2
a14,p263,2021-02-23,3
a18,p263,2021-02-23,4
a30,p263,2021-02-23,5
a26,p263,2021-02-23,6
a28,p263,2021-02-23,7
a5,p263,2021-02-23,8
a15,p106,2021-02-27,1
a6,p106,2021-02-27,2
a27,p28,2021-02-27,1
a32,p28,2021-02-27,2
a11,p28,2021-02-27,3
a20,p28,2021-02-27,4
a24,p28,2021-02-27,5
a22,p28,2021-02-27,6
a26,p28,2021-02-27,7
a28,p66,2021-03-02,1
a4,p66,2021-03-02,2
a27,p164,2021-03-13,1
a28,p164,2021-03-13,2
a6,p164,2021-03-13,3
a5,p164,2021-03-13,4
a26,p164,2021-03-13,5
a12,p164,2021-03-13,6
a9,p164,2021-03-13,7
a20,p164,2021-03-13,8
a10,p363,2021-03-21,1
a31,p363,2021-03-21,2
a21,p363,2021-03-21,3
a9,p363,2021-03-21,4
a26,p75,2021-03-26,1
a25,p36,2021-04-02,1
a12,p36,2021-04-02,2
a16,p36,2021-04-02,3
a29,p36,2021-04-02,4
a3,p36,2021-04-02,5
a22,p36,2021-04-02,6
a4,p36,2021-04-02,7
a31,p400,2021-04-09,1
a5,p400,2021-04-09,2
a32,p400,2021-04-09,3
a23,p400,2021-04-09,4
a4,p25,2021-04-30,1
a22,p2,2021-05-11,1
a31,p2,2021-05-11,2
a19,p2,2021-05-11,3
a32,p2,2021-05-11,4
a11,p2,2021-05-11,5
a23,p2,2021-05-11,6
a8,p2,2021-05-11,7
a12,p2,2021-05-11,8
a12,p160,2021-05-14,1
a2,p160,2021-05-14,2
a3,p160,2021-05-14,3
a23,p160,2021-05-14,4
a26,p160,2021-05-14,5
a13,p160,2021-05-14,6
a29,p160,2021-05-14,7
a15,p181,2021-05-17,1
a16,p181,2021-05-17,2
a3,p181,2021-05-17,3
a31,p181,2021-05-17,4
a29,p181,2021-05-17,5
a6,p181,2021-05-17,6
a14,p181,2021-05-17,7
a10,p181,2021-05-17,8
a28,p337,2021-07-14,1
a10,p337,2021-07-14,2
a24,p337,2021-07-14,3
a1,p337,2021-07-14,4
a9,p337,2021-07-14,5
a31,p337,2021-07-14,6
a21,p337,2021-07-14,7
a23,p337,2021-07-14,8
a9,p156,2021-07-15,1
a2,p156,2021-07-15,2
a32,p156,2021-07-15,3
a6,p156,2021-07-15,4
a12,p156,2021-07-15,5
a29,p156,2021-07-15,6
a31,p156,2021-07-15,7
a6,p56,2021-07-15,1
a31,p56,2021-07-15,2
a16,p56,2021-07-15,3
a10,p56,2021-07-15,4
a17,p56,2021-07-15,5
a32,p56,2021-07-15,6
a9,p56,2021-07-15,7
a29,p304,2021-07-16,1
a5,p304,2021-07-16,2
a7,p304,2021-07-16,3
a6,p304,2021-07-16,4
a13,p122,2021-07-21,1
a5,p122,2021-07-21,2
a8,p113,2021-08-01,1
a7,p113,2021-08-01,2
a14,p113,2021-08-01,3
a15,p113,2021-08-01,4
a13,p113,2021-08-01,5
a27,p231,2021-08-03,1
a1,p231,2021-08-03,2
a5,p231,2021-08-03,3
a29,p231,2021-08-03,4
a8,p305,2021-08-06,1
a10,p305,2021-08-06,2
a16,p280,2021-08-07,1
a18,p280,2021-08-07,2
a29,p280,2021-08-07,3
a21,p280,2021-08-07,4
a30,p280,2021-08-07,5
a7,p280,2021-08-07,6
a9,p280,2021-08-07,7
a11,p280,2021-08-07,8
a3,p286,2021-08-18,1
a10,p286,2021-08-18,2
a7,p286,2021-08-18,3
a26,p286,2021-08-18,4
a26,p167,2021-08-29,1
a20,p167,2021-08-29,2
a14,p167,2021-08-29,3
a5,p167,2021-08-29,4
a3,p167,2021-08-29,5
a1,p167,2021-08-29,6
a32,p167,2021-08-29,7
a13,p351,2021-09-04,1
a27,p351,2021-09-04,2
a14,p351,2021-09-04,3
a5,p351,2021-09-04,4
a9,p351,2021-09-04,5
a23,p351,2021-09-04,6
a21,p351,2021-09-04,7
a32,p384,2021-09-06,1
a9,p384,2021-09-06,2
a7,p384,2021-09-06,3
a29,p384,2021-09-06,4
a3,p384,2021-09-06,5
a13,p384,2021-09-06,6
a31,p384,2021-09-06,7
a1,p384,2021-09-06,8
a20,p104,2021-09-13,1
a5,p104,2021-09-13,2
a19,p104,2021-09-13,3
a16,p104,2021-09-13,4
a1,p104,2021-09-13,5
a21,p184,2021-10-24,1
a5,p82,2021-10-27,1
a28,p82,2021-10-27,2
a25,p82,2021-10-27,3
a9,p460,2021-10-29,1
a29,p264,2021-11-05,1
a32,p264,2021-11-05,2
a16,p264,2021-11-05,3
a7,p264,2021-11-05,4
a21,p264,2021-11-05,5
a31,p299,2021-11-21,1
a14,p299,2021-11-21,2
a23,p299,2021-11-21,3
a16,p33,2021-12-03,1
a29,p33,2021-12-03,2
a9,p434,2021-12-07,1
a31,p434,2021-12-07,2
a32,p434,2021-12-07,3
a3,p325,2021-12-21,1
a32,p325,2021-12-21,2
a13,p325,2021-12-21,3
a31,p325,2021-12-21,4
a21,p325,2021-12-21,5
a29,p325,2021-12-21,6
a9,p325,2021-12-21,7
a7,p87,2021-12-27,1
a13,p87,2021-12-27,2
a3,p87,2021-12-27,3
a24,p87,2021-12-27,4
a20,p87,2021-12-27,5
a4,p87,2021-12-27,6
a9,p87,2021-12-27,7
a8,p87,2021-12-27,8
a29,p59,2021-12-28,1
a10,p59,2021-12-28,2
a30,p59,2021-12-28,3
a6,p59,2021-12-28,4
a17,p59,2021-12-28,5
a22,p59,2021-12-28,6
a16,p161,2022-01-26,1
a29,p161,2022-01-26,2
a10,p161,2022-01-26,3
a9,p442,2022-02-01,1
a31,p442,2022-02-01,2
a25,p84,2022-02-26,1
a5,p84,2022-02-26,2
a13,p84,2022-02-26,3
a10,p84,2022-02-26,4
a18,p84,2022-02-26,5
a7,p84,2022-02-26,6
a14,p84,2022-02-26,7
a3,p84,2022-02-26,8
a14,p338,2022-03-20,1
a31,p338,2022-03-20,2
a13,p408,2022-03-20,1
a9,p408,2022-03-20,2
a10,p408,2022-03-20,3
a7,p408,2022-03-20,4
a32,p408,2022-03-20,5
a1,p11,2022-04-03,1
a31,p11,2022-04-03,2
a12,p11,2022-04-03,3
a9,p11,2022-04-03,4
a5,p11,2022-04-03,5
a21,p11,2022-04-03,6
a23,p11,2022-04-03,7
a9,p459,2022-04-13,1
a9,p450,2022-04-22,1
a21,p19,2022-04-28,1
a17,p19,2022-04-28,2
a8,p19,2022-04-28,3
a27,p19,2022-04-28,4
a14,p23,2022-05-16,1
a11,p23,2022-05-16,2
a6,p93,2022-05-21,1
a25,p93,2022-05-21,2
a28,p93,2022-05-21,3
a15,p93,2022-05-21,4
a22,p93,2022-05-21,5
a23,p93,2022-05-21,6
a3,p93,2022-05-21,7
a5,p93,2022-05-21,8
a13,p369,2022-05-29,1
a32,p389,2022-07-11,1
a21,p250,2022-07-13,1
a31,p250,2022-07-13,2
a32,p250,2022-07-13,3
a30,p250,2022-07-13,4
a9,p449,2022-07-14,1
a31,p267,2022-07-15,1
a1,p267,2022-07-15,2
a27,p267,2022-07-15,3
a3,p267,2022-07-15,4
a21,p267,2022-07-15,5
a32,p197,2022-07-23,1
a16,p197,2022-07-23,2
a23,p197,2022-07-23,3
a9,p197,2022-07-23,4
a27,p197,2022-07-23,5
a8,p197,2022-07-23,6
a8,p288,2022-07-27,1
a5,p201,2022-08-01,1
a9,p201,2022-08-01,2
a15,p201,2022-08-01,3
